config_id,factor,value,task_id,mean_length_km,sd_length_km,mean_runtime_s,reference_km,gap_pct
alpha_0.5,alpha,0.5,1,1.7739991125114165,0.0,6.405980678100605,1.7739991125114167,0.0
alpha_0.5,alpha,0.5,2,2.279975082456949,0.0,6.324404687737115,2.279975082456949,0.0
alpha_0.5,alpha,0.5,3,2.5594157156991164,0.008456518608148675,9.272044002445181,2.5554615909469742,0.15473231005115246
alpha_0.5,alpha,0.5,4,2.1335996845890683,0.0,7.01787415673607,2.1335996845890683,0.0
alpha_0.5,alpha,0.5,5,1.880991650426615,0.022285350109194885,7.037384302145801,1.865074221023855,0.8534475048409673
alpha_0.5,alpha,0.5,6,1.7564564612326241,0.0,6.381713456544094,1.756456461232624,1.2641623053338177e-14
alpha_0.5,alpha,0.5,7,1.8418822070973,0.0,4.526873820845504,1.8418822070973,0.0
alpha_0.5,alpha,0.5,8,2.448707227520197,0.02009214048702021,10.997468917444348,2.4314289960780373,0.7106204404911702
alpha_0.5,alpha,0.5,9,2.4122006554120246,0.0,7.429515164432814,2.412200655412025,0.0
alpha_0.5,alpha,0.5,10,2.2921008167129555,0.012986927001251926,6.316538724990096,2.284792664659961,0.31986062306806223
alpha_0.5,alpha,0.5,11,2.68952820297882,0.0027924398806141687,6.311206376401242,2.6881673361169907,0.05062433590146977
alpha_0.5,alpha,0.5,12,1.4292356120053853,0.006225946612937172,8.516925414954311,1.4260236853528467,0.22523655711537602
alpha_0.5,alpha,0.5,13,2.026911186852802,0.0,6.271820102521451,2.026911186852802,0.0
alpha_0.5,alpha,0.5,14,1.067134550587395,0.0,2.8034954730595927,1.067134550587395,0.0
alpha_0.5,alpha,0.5,15,2.112602871122433,0.0,5.177615472814068,2.112602871122433,0.0
alpha_0.5,alpha,0.5,16,2.1629154503787076,0.004256804694841772,9.66951902123401,2.159640501700675,0.15164323300354102
alpha_0.5,alpha,0.5,17,2.0100547196305705,0.0,3.9222458144067787,2.0100547196305705,0.0
alpha_0.5,alpha,0.5,18,2.7101451135056185,0.006808176491646507,9.756957873399369,2.7052757751641314,0.17999415757129733
alpha_0.5,alpha,0.5,19,1.908463713665149,0.0,3.342648296430707,1.908463713665149,0.0
alpha_0.5,alpha,0.5,20,2.1697468439523346,0.0,5.802091033593752,2.169746843952334,2.0467328300896403e-14
alpha_0.5,alpha,0.5,21,2.207342884706021,0.0,4.015893517161021,2.207342884706021,0.0
alpha_0.5,alpha,0.5,22,0.6495626466702175,4.752005044364324e-10,24.27636306096101,0.6495626464756483,2.995386813484349e-08
alpha_0.5,alpha,0.5,23,2.01067302300028,0.0,2.2561386237852274,2.01067302300028,0.0
alpha_0.5,alpha,0.5,24,1.3508272334785483,0.0,2.267722401948413,1.3508272334785485,0.0
alpha_0.5,alpha,0.5,25,1.9406169918137253,0.0,3.33690952231409,1.9406169918137255,0.0
alpha_0.5,alpha,0.5,26,2.218200980928021,0.0,5.725466764834709,2.218200980928021,0.0
alpha_0.5,alpha,0.5,27,1.9000621512377234,0.0,2.8513625782739838,1.9000621512377236,0.0
alpha_0.5,alpha,0.5,28,2.025980418950708,0.0,5.698779597843531,2.025980418950708,0.0
alpha_0.5,alpha,0.5,29,2.5236748146567343,0.017242835658295926,11.474797785677946,2.4908832129936185,1.3164648383376374
alpha_0.5,alpha,0.5,30,1.9298467885369193,1.2477829590662821e-16,6.886238705337746,1.9298467885369197,0.0
alpha_2.0,alpha,2.0,1,1.7767952308107895,0.00496883261014572,6.435615363216494,1.7739991125114167,0.15761666844434616
alpha_2.0,alpha,2.0,2,2.303151361270905,0.023153720178021808,6.370055238349596,2.279975082456949,1.0165145659829116
alpha_2.0,alpha,2.0,3,2.5927109141594413,0.024537769744773657,9.164806825405686,2.5554615909469742,1.457635808122777
alpha_2.0,alpha,2.0,4,2.147069809394501,0.017974747676674042,6.838656429137336,2.1335996845890683,0.6313332769369467
alpha_2.0,alpha,2.0,5,1.9357110094869494,0.045631999567259295,6.84542393690208,1.865074221023855,3.7873446357709883
alpha_2.0,alpha,2.0,6,1.7564564612326241,0.0,6.259410112694605,1.756456461232624,1.2641623053338177e-14
alpha_2.0,alpha,2.0,7,1.8438297719861048,0.005354279921126354,4.447495838388567,1.8418822070973,0.10573775463491851
alpha_2.0,alpha,2.0,8,2.5267234591770595,0.0899033533291047,10.889492284203879,2.4314289960780373,3.9192780563501897
alpha_2.0,alpha,2.0,9,2.42382768970489,0.021298997224830543,7.509500474837841,2.412200655412025,0.4820094160400112
alpha_2.0,alpha,2.0,10,2.3199336401871373,0.00725276222192162,6.281307788705453,2.284792664659961,1.538037830334442
alpha_2.0,alpha,2.0,11,2.8552405784086803,0.051510052812678404,6.255047357449075,2.6881673361169907,6.2151354957323415
alpha_2.0,alpha,2.0,12,1.4549656850521968,0.029500858691635396,8.522775011212797,1.4260236853528467,2.029559536536649
alpha_2.0,alpha,2.0,13,2.0777643573382787,0.011146235297397923,6.368499978689942,2.026911186852802,2.508899788768591
alpha_2.0,alpha,2.0,14,1.067134550587395,0.0,2.858099630253855,1.067134550587395,0.0
alpha_2.0,alpha,2.0,15,2.120349819941507,0.009895428295276119,5.216813676647144,2.112602871122433,0.36670161368085363
alpha_2.0,alpha,2.0,16,2.1673308895981,0.008897469022547599,9.723299988603685,2.159640501700675,0.3560957433132511
alpha_2.0,alpha,2.0,17,2.0100547196305705,0.0,3.992802122689318,2.0100547196305705,0.0
alpha_2.0,alpha,2.0,18,2.7394446584560344,0.023620654250889845,9.807037754752674,2.7052757751641314,1.263046215309782
alpha_2.0,alpha,2.0,19,1.9102479172299731,0.00797920091328777,3.3534547530405687,1.908463713665149,0.09348899599445908
alpha_2.0,alpha,2.0,20,2.1713777659679945,0.0044764536157952195,5.715068507485557,2.169746843952334,0.0751664656273658
alpha_2.0,alpha,2.0,21,2.2311967250629374,0.022359762074570952,3.9833255510020535,2.207342884706021,1.080658583774732
alpha_2.0,alpha,2.0,22,0.6495626464756479,0.0,24.353902711503906,0.6495626464756483,0.0
alpha_2.0,alpha,2.0,23,2.01067302300028,0.0,2.2667017645726446,2.01067302300028,0.0
alpha_2.0,alpha,2.0,24,1.3508272334785483,0.0,2.313819006999256,1.3508272334785485,0.0
alpha_2.0,alpha,2.0,25,1.9406169918137253,0.0,3.358969879610231,1.9406169918137255,0.0
alpha_2.0,alpha,2.0,26,2.223535954162621,0.011192774979786855,5.696992063365178,2.218200980928021,0.24050901070145578
alpha_2.0,alpha,2.0,27,1.9029333804259405,0.008837456972957219,2.875455845944816,1.9000621512377236,0.15111238263161883
alpha_2.0,alpha,2.0,28,2.0456827375992352,0.022805713920027497,5.690161593898665,2.025980418950708,0.9724831723068388
alpha_2.0,alpha,2.0,29,2.5273488527393573,0.0201019323872206,11.469124033011031,2.4908832129936185,1.4639642499301802
alpha_2.0,alpha,2.0,30,1.9709842091269554,0.031105801969391268,6.917032213381026,1.9298467885369197,2.131641788062528
base,base,0.0,1,1.7739991125114165,0.0,4.602486063254764,1.7739991125114167,0.0
base,base,0.0,2,2.279975082456949,0.0,4.507020864402875,2.279975082456949,0.0
base,base,0.0,3,2.558194772231324,0.0069802605299722435,6.534648006688803,2.5554615909469742,0.10695450458079547
base,base,0.0,4,2.133617783782454,2.2742753660146406e-05,4.972943392180605,2.1335996845890683,0.0008482937786563708
base,base,0.0,5,1.8650742210238547,0.0,4.919241339556175,1.865074221023855,0.0
base,base,0.0,6,1.7564564612326241,0.0,4.669815426704008,1.756456461232624,1.2641623053338177e-14
base,base,0.0,7,1.8418822070973,0.0,3.2232254551025106,1.8418822070973,0.0
base,base,0.0,8,2.4316204748950323,0.0008563193021044171,7.696291332051624,2.4314289960780373,0.007875155610295633
base,base,0.0,9,2.412200655412025,0.0,5.257877861848101,2.412200655412025,0.0
base,base,0.0,10,2.296485707944752,0.014693030638976114,4.694779807009036,2.284792664659961,0.5117769969088762
base,base,0.0,11,2.7604194946378646,0.05973081986191583,4.488926876400365,2.6881673361169907,2.6877850031925807
base,base,0.0,12,1.4359045737005327,0.013201787516057153,6.037881218083203,1.4260236853528467,0.6928979125084518
base,base,0.0,13,2.0381398626982334,0.01759766859251777,4.5020640398666725,2.026911186852802,0.5539796671045303
base,base,0.0,14,1.067134550587395,0.0,2.0136967250378803,1.067134550587395,0.0
base,base,0.0,15,2.112602871122433,0.0,3.678555562440306,2.112602871122433,0.0
base,base,0.0,16,2.1608136308037635,0.0018397048335986716,6.934628327266546,2.159640501700675,0.05432057336232296
base,base,0.0,17,2.0100547196305705,0.0,2.9126322803029323,2.0100547196305705,0.0
base,base,0.0,18,2.7052757751641314,0.0,6.96076875225408,2.7052757751641314,0.0
base,base,0.0,19,1.908463713665149,0.0,2.4231393510010095,1.908463713665149,0.0
base,base,0.0,20,2.169746843952334,0.0,4.231158799445256,2.169746843952334,0.0
base,base,0.0,21,2.207342884706021,0.0,2.8796223859593737,2.207342884706021,0.0
base,base,0.0,22,0.6495626464756479,0.0,17.723822566459422,0.6495626464756483,0.0
base,base,0.0,23,2.01067302300028,0.0,1.696639576042071,2.01067302300028,0.0
base,base,0.0,24,1.3508272334785485,0.0,1.7161050888011231,1.3508272334785485,0.0
base,base,0.0,25,1.9406169918137253,0.0,2.4685035396134483,1.9406169918137255,0.0
base,base,0.0,26,2.218200980928021,0.0,4.265427757182624,2.218200980928021,0.0
base,base,0.0,27,1.9000621512377236,0.0,2.06939354109345,1.9000621512377236,0.0
base,base,0.0,28,2.0270714852590017,0.004865966982990335,4.165085473289946,2.025980418950708,0.053853743999104434
base,base,0.0,29,2.5036536761892187,0.011751032716057775,8.339080619154265,2.4908832129936185,0.5126881553090696
base,base,0.0,30,1.9345015585953849,0.005639098081991588,5.109245397953782,1.9298467885369197,0.24119894315517587
beta_1.0,beta,1.0,1,1.7739991125114165,0.0,6.287297986907651,1.7739991125114167,0.0
beta_1.0,beta,1.0,2,2.279975082456949,0.0,6.331385273084743,2.279975082456949,0.0
beta_1.0,beta,1.0,3,2.558372894797908,0.008960804182200506,9.04839187421021,2.5554615909469742,0.11392477434399696
beta_1.0,beta,1.0,4,2.1336019469882417,1.0117756687260488e-05,6.792666004830972,2.1335996845890683,0.00010603672233724987
beta_1.0,beta,1.0,5,1.8650742210238547,5.094052599087501e-17,6.862603952659993,1.865074221023855,0.0
beta_1.0,beta,1.0,6,1.7564564612326241,0.0,6.241168576915515,1.756456461232624,1.2641623053338177e-14
beta_1.0,beta,1.0,7,1.8418822070973,0.0,4.428802399360575,1.8418822070973,0.0
beta_1.0,beta,1.0,8,2.432492111051096,0.0031769949664753154,10.916138393554139,2.4314289960780373,0.04372387492185548
beta_1.0,beta,1.0,9,2.4122006554120246,0.0,7.401540881226538,2.412200655412025,0.0
beta_1.0,beta,1.0,10,2.2862542950705604,0.006536609912159972,6.424794720608043,2.284792664659961,0.06397212461364354
beta_1.0,beta,1.0,11,2.6923711474648355,0.0068655231709440125,6.303359693329549,2.6881673361169907,0.15638205595925422
beta_1.0,beta,1.0,12,1.4276311623034812,0.004224007837476916,8.674645545822568,1.4260236853528467,0.11272442156083208
beta_1.0,beta,1.0,13,2.026911186852802,0.0,6.319741653243545,2.026911186852802,0.0
beta_1.0,beta,1.0,14,1.067134550587395,0.0,2.8405513902544044,1.067134550587395,0.0
beta_1.0,beta,1.0,15,2.112602871122433,0.0,5.2804235530493315,2.112602871122433,0.0
beta_1.0,beta,1.0,16,2.162083571208147,0.0021125019847484327,9.802848154644016,2.159640501700675,0.11312389749814035
beta_1.0,beta,1.0,17,2.0100547196305705,0.0,3.9542344609915743,2.0100547196305705,0.0
beta_1.0,beta,1.0,18,2.7052757751641314,0.0,9.741762023809134,2.7052757751641314,0.0
beta_1.0,beta,1.0,19,1.908463713665149,0.0,3.387846958258888,1.908463713665149,0.0
beta_1.0,beta,1.0,20,2.1697468439523346,0.0,5.791651694092434,2.169746843952334,2.0467328300896403e-14
beta_1.0,beta,1.0,21,2.207342884706021,0.0,3.993414814863354,2.207342884706021,0.0
beta_1.0,beta,1.0,22,0.6495626464756479,0.0,24.802662466687615,0.6495626464756483,0.0
beta_1.0,beta,1.0,23,2.01067302300028,0.0,2.2638860634993763,2.01067302300028,0.0
beta_1.0,beta,1.0,24,1.3508272334785483,0.0,2.273185466346331,1.3508272334785485,0.0
beta_1.0,beta,1.0,25,1.9406169918137253,0.0,3.3489340182393788,1.9406169918137255,0.0
beta_1.0,beta,1.0,26,2.218200980928021,0.0,5.654059004667215,2.218200980928021,0.0
beta_1.0,beta,1.0,27,1.9000621512377234,0.0,2.821704090759158,1.9000621512377236,0.0
beta_1.0,beta,1.0,28,2.025980418950708,0.0,5.658398634358309,2.025980418950708,0.0
beta_1.0,beta,1.0,29,2.5070637535858746,0.008610916341675682,11.531053046387388,2.4908832129936185,0.6495904949638283
beta_1.0,beta,1.0,30,1.930903420871531,0.003906680640751877,6.843554031051463,1.9298467885369197,0.054752135811379755
beta_4.0,beta,4.0,1,1.7739991125114165,0.0,6.413807809795253,1.7739991125114167,0.0
beta_4.0,beta,4.0,2,2.2818482430644775,0.005765466699908434,6.390131394856144,2.279975082456949,0.08215706487063201
beta_4.0,beta,4.0,3,2.557142122487231,0.007515565524691365,9.290434013109188,2.5554615909469742,0.06576234783610463
beta_4.0,beta,4.0,4,2.1346126209858634,0.002014761311640898,6.952773619047366,2.1335996845890683,0.047475466185686904
beta_4.0,beta,4.0,5,1.9009152188881635,0.040482700131036865,6.9847427129046995,1.865074221023855,1.9216928452656037
beta_4.0,beta,4.0,6,1.7564564612326241,0.0,6.499554480443476,1.756456461232624,1.2641623053338177e-14
beta_4.0,beta,4.0,7,1.841979220771842,0.0004338583420450228,4.703838150150841,1.8418822070973,0.00526709439768382
beta_4.0,beta,4.0,8,2.4314289960780373,0.0,11.566341318137711,2.4314289960780373,0.0
beta_4.0,beta,4.0,9,2.4122006554120246,0.0,7.719490231608506,2.412200655412025,0.0
beta_4.0,beta,4.0,10,2.308178751229543,0.011996809280190122,6.609116291400278,2.284792664659961,1.0235539938177525
beta_4.0,beta,4.0,11,2.856958551795248,0.057557145871101285,6.570502647792455,2.6881673361169907,6.2790442176145564
beta_4.0,beta,4.0,12,1.453919681576793,0.018327540304679944,8.73850108232,1.4260236853528467,1.9562084774941035
beta_4.0,beta,4.0,13,2.041585259088855,0.02096590552573105,6.29762236304814,2.026911186852802,0.7239622698435801
beta_4.0,beta,4.0,14,1.0699311953674897,0.008607891008547417,2.8831615855393466,1.067134550587395,0.2620704932246155
beta_4.0,beta,4.0,15,2.117245593703328,0.003512927398600964,5.147942846099613,2.112602871122433,0.2197631483113537
beta_4.0,beta,4.0,16,2.161820676043102,0.004934569629265867,9.790523562155432,2.159640501700675,0.10095079902004003
beta_4.0,beta,4.0,17,2.0100547196305705,0.0,3.956225624779472,2.0100547196305705,0.0
beta_4.0,beta,4.0,18,2.7052757751641314,0.0,9.821736679552123,2.7052757751641314,0.0
beta_4.0,beta,4.0,19,1.9102479172299731,0.007979200913287752,3.389303114404902,1.908463713665149,0.09348899599445908
beta_4.0,beta,4.0,20,2.1697468439523346,0.0,5.742340130306547,2.169746843952334,2.0467328300896403e-14
beta_4.0,beta,4.0,21,2.2094378644866506,0.009369034401950185,3.9670775384816808,2.207342884706021,0.0949095763573937
beta_4.0,beta,4.0,22,0.6495626464756479,0.0,25.008899522176943,0.6495626464756483,0.0
beta_4.0,beta,4.0,23,2.01067302300028,0.0,2.3201961489976384,2.01067302300028,0.0
beta_4.0,beta,4.0,24,1.3508272334785483,0.0,2.360084539244417,1.3508272334785485,0.0
beta_4.0,beta,4.0,25,1.9406169918137253,0.0,3.4459290206083097,1.9406169918137255,0.0
beta_4.0,beta,4.0,26,2.218200980928021,0.0,5.882752089900896,2.218200980928021,0.0
beta_4.0,beta,4.0,27,1.9101114533964831,0.014050661078899103,2.9254480112926102,1.9000621512377236,0.5288933392106835
beta_4.0,beta,4.0,28,2.0435105914949583,0.023570940242861306,5.787908037187298,2.025980418950708,0.8652686067582757
beta_4.0,beta,4.0,29,2.5167763505118854,0.003778000563589373,11.74694910069229,2.4908832129936185,1.03951632028335
beta_4.0,beta,4.0,30,1.966453334342755,0.018843795243078682,6.976190628838959,1.9298467885369197,1.89686279881254
evaluation_budget_15000,evaluation_budget,15000.0,1,1.7739991125114165,0.0,12.528905050765024,1.7739991125114167,0.0
evaluation_budget_15000,evaluation_budget,15000.0,2,2.279975082456949,0.0,12.598283735866426,2.279975082456949,0.0
evaluation_budget_15000,evaluation_budget,15000.0,3,2.5576468577300417,0.006726109238874099,18.24695832520956,2.5554615909469742,0.08551358356584522
evaluation_budget_15000,evaluation_budget,15000.0,4,2.133617783782454,2.2742753660146406e-05,13.633682360110106,2.1335996845890683,0.0008482937786563708
evaluation_budget_15000,evaluation_budget,15000.0,5,1.8650742210238547,0.0,13.609083881560945,1.865074221023855,0.0
evaluation_budget_15000,evaluation_budget,15000.0,6,1.7564564612326241,0.0,12.50653242439148,1.756456461232624,1.2641623053338177e-14
evaluation_budget_15000,evaluation_budget,15000.0,7,1.8418822070973,0.0,8.965179402357899,1.8418822070973,0.0
evaluation_budget_15000,evaluation_budget,15000.0,8,2.4316204748950323,0.0008563193021044171,21.85909717255272,2.4314289960780373,0.007875155610295633
evaluation_budget_15000,evaluation_budget,15000.0,9,2.4122006554120246,0.0,14.778106731193839,2.412200655412025,0.0
evaluation_budget_15000,evaluation_budget,15000.0,10,2.2921008167129555,0.0129869270012519,12.559582130546914,2.284792664659961,0.31986062306806223
evaluation_budget_15000,evaluation_budget,15000.0,11,2.7604194946378646,0.05973081986191581,12.576990548090544,2.6881673361169907,2.6877850031925807
evaluation_budget_15000,evaluation_budget,15000.0,12,1.435904573700533,0.01320178751605708,16.967673711053795,1.4260236853528467,0.6928979125084673
evaluation_budget_15000,evaluation_budget,15000.0,13,2.0343969707497562,0.015360504453325657,12.49973960474017,2.026911186852802,0.36931977806968685
evaluation_budget_15000,evaluation_budget,15000.0,14,1.067134550587395,0.0,5.581718561897287,1.067134550587395,0.0
evaluation_budget_15000,evaluation_budget,15000.0,15,2.112602871122433,0.0,10.265546334988903,2.112602871122433,0.0
evaluation_budget_15000,evaluation_budget,15000.0,16,2.1608136308037635,0.0018397048335986375,19.45730511863949,2.159640501700675,0.05432057336232296
evaluation_budget_15000,evaluation_budget,15000.0,17,2.0100547196305705,0.0,7.891535470139933,2.0100547196305705,0.0
evaluation_budget_15000,evaluation_budget,15000.0,18,2.7052757751641314,0.0,19.392073448043085,2.7052757751641314,0.0
evaluation_budget_15000,evaluation_budget,15000.0,19,1.908463713665149,0.0,6.755132765567396,1.908463713665149,0.0
evaluation_budget_15000,evaluation_budget,15000.0,20,2.1697468439523346,0.0,11.404782413912471,2.169746843952334,2.0467328300896403e-14
evaluation_budget_15000,evaluation_budget,15000.0,21,2.207342884706021,0.0,7.818564461095957,2.207342884706021,0.0
evaluation_budget_15000,evaluation_budget,15000.0,22,0.6495626464756479,0.0,48.400423847412455,0.6495626464756483,0.0
evaluation_budget_15000,evaluation_budget,15000.0,23,2.01067302300028,0.0,4.542506407160545,2.01067302300028,0.0
evaluation_budget_15000,evaluation_budget,15000.0,24,1.3508272334785483,0.0,4.582808881258825,1.3508272334785485,0.0
evaluation_budget_15000,evaluation_budget,15000.0,25,1.9406169918137253,0.0,6.746898138982942,1.9406169918137255,0.0
evaluation_budget_15000,evaluation_budget,15000.0,26,2.218200980928021,0.0,11.389852193306433,2.218200980928021,0.0
evaluation_budget_15000,evaluation_budget,15000.0,27,1.9000621512377234,0.0,5.638580332096899,1.9000621512377236,0.0
evaluation_budget_15000,evaluation_budget,15000.0,28,2.025983747788145,4.654290006661001e-06,11.354923758114456,2.025980418950708,0.00016430748321522734
evaluation_budget_15000,evaluation_budget,15000.0,29,2.501985855513215,0.011083132278683416,22.98781884954078,2.4908832129936185,0.44573115518542805
evaluation_budget_15000,evaluation_budget,15000.0,30,1.9345015585953849,0.005639098081991727,13.594955359620508,1.9298467885369197,0.24119894315517587
evaluation_budget_3750,evaluation_budget,3750.0,1,1.7739991125114165,0.0,3.1612334907171316,1.7739991125114167,0.0
evaluation_budget_3750,evaluation_budget,3750.0,2,2.279975082456949,0.0,3.1617854838026687,2.279975082456949,0.0
evaluation_budget_3750,evaluation_budget,3750.0,3,2.558194772231324,0.0069802605299722435,4.612207620794652,2.5554615909469742,0.10695450458079547
evaluation_budget_3750,evaluation_budget,3750.0,4,2.133617783782454,2.2742753660146406e-05,3.495053732901579,2.1335996845890683,0.0008482937786563708
evaluation_budget_3750,evaluation_budget,3750.0,5,1.8650742210238551,1.1390647892519134e-16,3.4330474421614783,1.865074221023855,1.1905403142784165e-14
evaluation_budget_3750,evaluation_budget,3750.0,6,1.7564564612326241,0.0,3.1150442956539335,1.756456461232624,1.2641623053338177e-14
evaluation_budget_3750,evaluation_budget,3750.0,7,1.8418822070973,0.0,2.2788688434520736,1.8418822070973,0.0
evaluation_budget_3750,evaluation_budget,3750.0,8,2.4318119537120273,0.0011787187267188197,5.423350746504729,2.4314289960780373,0.015750311220591267
evaluation_budget_3750,evaluation_budget,3750.0,9,2.4122006554120246,0.0,3.713687550462782,2.412200655412025,0.0
evaluation_budget_3750,evaluation_budget,3750.0,10,2.3023322295871473,0.014693030638975776,3.1255203403474296,2.284792664659961,0.7676654953633143
evaluation_budget_3750,evaluation_budget,3750.0,11,2.7604194946378646,0.05973081986191581,3.126443788909819,2.6881673361169907,2.6877850031925807
evaluation_budget_3750,evaluation_budget,3750.0,12,1.435904573700533,0.01320178751605708,4.259938656160375,1.4260236853528467,0.6928979125084673
evaluation_budget_3750,evaluation_budget,3750.0,13,2.0418827546467107,0.01881269905119835,3.17646095470991,2.026911186852802,0.7386395561393737
evaluation_budget_3750,evaluation_budget,3750.0,14,1.067134550587395,0.0,1.4138707238074857,1.067134550587395,0.0
evaluation_budget_3750,evaluation_budget,3750.0,15,2.112858401581415,0.0011427669532090119,2.5896713724534495,2.112602871122433,0.012095527392991808
evaluation_budget_3750,evaluation_budget,3750.0,16,2.161038547233843,0.002276970398315458,4.884136048151413,2.159640501700675,0.06473510438739334
evaluation_budget_3750,evaluation_budget,3750.0,17,2.0100547196305705,0.0,2.012313344998984,2.0100547196305705,0.0
evaluation_budget_3750,evaluation_budget,3750.0,18,2.7052757751641314,0.0,4.847987891559024,2.7052757751641314,0.0
evaluation_budget_3750,evaluation_budget,3750.0,19,1.908463713665149,0.0,1.7056602042110172,1.908463713665149,0.0
evaluation_budget_3750,evaluation_budget,3750.0,20,2.1697468439523346,0.0,2.8545220410975163,2.169746843952334,2.0467328300896403e-14
evaluation_budget_3750,evaluation_budget,3750.0,21,2.207342884706021,0.0,1.9545177444932051,2.207342884706021,0.0
evaluation_budget_3750,evaluation_budget,3750.0,22,0.6495626464756479,0.0,12.039781202760059,0.6495626464756483,0.0
evaluation_budget_3750,evaluation_budget,3750.0,23,2.01067302300028,0.0,1.1357126035960392,2.01067302300028,0.0
evaluation_budget_3750,evaluation_budget,3750.0,24,1.3508272334785483,0.0,1.1366048841970042,1.3508272334785485,0.0
evaluation_budget_3750,evaluation_budget,3750.0,25,1.9406169918137253,0.0,1.6754222661955283,1.9406169918137255,0.0
evaluation_budget_3750,evaluation_budget,3750.0,26,2.218200980928021,0.0,2.842596865055384,2.218200980928021,0.0
evaluation_budget_3750,evaluation_budget,3750.0,27,1.9000621512377234,0.0,1.4058115378837102,1.9000621512377236,0.0
evaluation_budget_3750,evaluation_budget,3750.0,28,2.028443600484562,0.01100225169750786,2.8390242799010594,2.025980418950708,0.12157973052521195
evaluation_budget_3750,evaluation_budget,3750.0,29,2.5046248875629575,0.011496779562134005,5.729890442208853,2.4908832129936185,0.5516787980125291
evaluation_budget_3750,evaluation_budget,3750.0,30,1.9345015585953849,0.005639098081991727,3.460976435855264,1.9298467885369197,0.24119894315517587
evaporation_0.2,evaporation,0.2,1,1.7739991125114165,0.0,6.442112307151547,1.7739991125114167,0.0
evaporation_0.2,evaporation,0.2,2,2.279975082456949,0.0,6.472807224147255,2.279975082456949,0.0
evaporation_0.2,evaporation,0.2,3,2.5554615909469742,0.0,9.181326532049571,2.5554615909469742,0.0
evaporation_0.2,evaporation,0.2,4,2.1336019469882417,1.0117756687276167e-05,6.879860199493123,2.1335996845890683,0.00010603672233724987
evaporation_0.2,evaporation,0.2,5,1.8650742210238547,0.0,6.867907104396727,1.865074221023855,0.0
evaporation_0.2,evaporation,0.2,6,1.7564564612326241,0.0,6.343411274498794,1.756456461232624,1.2641623053338177e-14
evaporation_0.2,evaporation,0.2,7,1.8418822070973,0.0,4.521935986710014,1.8418822070973,0.0
evaporation_0.2,evaporation,0.2,8,2.4314289960780373,0.0,10.93225593281677,2.4314289960780373,0.0
evaporation_0.2,evaporation,0.2,9,2.4122006554120246,0.0,7.420345682202606,2.412200655412025,0.0
evaporation_0.2,evaporation,0.2,10,2.2877159254811588,0.008997606960142592,6.221154923632275,2.284792664659961,0.12794424922722877
evaporation_0.2,evaporation,0.2,11,2.726613172945443,0.04974033781629284,6.29965079560643,2.6881673361169907,1.4301876342261666
evaporation_0.2,evaporation,0.2,12,1.4308246233982753,0.009411492223170096,8.595103824604303,1.4260236853528467,0.3366660802860835
evaporation_0.2,evaporation,0.2,13,2.032525524775518,0.013711992897467511,6.295625365938759,2.026911186852802,0.2769898335522761
evaporation_0.2,evaporation,0.2,14,1.067134550587395,0.0,2.8101623313035815,1.067134550587395,0.0
evaporation_0.2,evaporation,0.2,15,2.112602871122433,0.0,5.228323396720225,2.112602871122433,0.0
evaporation_0.2,evaporation,0.2,16,2.1602192427953466,0.001414684189621898,9.758405497350031,2.159640501700675,0.026798029311641096
evaporation_0.2,evaporation,0.2,17,2.0100547196305705,0.0,3.9464280432031957,2.0100547196305705,0.0
evaporation_0.2,evaporation,0.2,18,2.7052757751641314,0.0,9.694069639290683,2.7052757751641314,0.0
evaporation_0.2,evaporation,0.2,19,1.908463713665149,0.0,3.382992445700802,1.908463713665149,0.0
evaporation_0.2,evaporation,0.2,20,2.1697468439523346,0.0,5.777259694051463,2.169746843952334,2.0467328300896403e-14
evaporation_0.2,evaporation,0.2,21,2.207342884706021,0.0,3.9686838289955633,2.207342884706021,0.0
evaporation_0.2,evaporation,0.2,22,0.6495626464756479,0.0,24.7222236393427,0.6495626464756483,0.0
evaporation_0.2,evaporation,0.2,23,2.01067302300028,0.0,2.3731789692887104,2.01067302300028,0.0
evaporation_0.2,evaporation,0.2,24,1.3508272334785483,0.0,2.3552745693537873,1.3508272334785485,0.0
evaporation_0.2,evaporation,0.2,25,1.9406169918137253,0.0,3.41258329290431,1.9406169918137255,0.0
evaporation_0.2,evaporation,0.2,26,2.218200980928021,0.0,5.852538531104801,2.218200980928021,0.0
evaporation_0.2,evaporation,0.2,27,1.9000621512377234,0.0,2.870764874864835,1.9000621512377236,0.0
evaporation_0.2,evaporation,0.2,28,2.025980418950708,0.0,5.796064958663192,2.025980418950708,0.0
evaporation_0.2,evaporation,0.2,29,2.492675024145578,0.006106467744049119,11.705587453750194,2.4908832129936185,0.0719347716750737
evaporation_0.2,evaporation,0.2,30,1.9347624271906934,0.006260253499959476,6.972215409314958,1.9298467885369197,0.2547165237661355
evaporation_0.8,evaporation,0.8,1,1.774558336171291,0.002500924236211637,6.407360584189883,1.7739991125114167,0.03152333368885921
evaporation_0.8,evaporation,0.8,2,2.279975082456949,0.0,6.405145587353036,2.279975082456949,0.0
evaporation_0.8,evaporation,0.8,3,2.55914568891398,0.009802996529099259,9.19594644199824,2.5554615909469742,0.14416565602305334
evaporation_0.8,evaporation,0.8,4,2.1336223085808013,2.3211725755504612e-05,7.066213757154765,2.1335996845890683,0.0010603672233516846
evaporation_0.8,evaporation,0.8,5,1.8650742210238547,0.0,6.863705140317324,1.865074221023855,0.0
evaporation_0.8,evaporation,0.8,6,1.7564564612326241,0.0,6.3269648832560055,1.756456461232624,1.2641623053338177e-14
evaporation_0.8,evaporation,0.8,7,1.8418822070973,0.0,4.535615552944364,1.8418822070973,0.0
evaporation_0.8,evaporation,0.8,8,2.437079254302379,0.0163100855898194,10.877696548844687,2.4314289960780373,0.23238425771246637
evaporation_0.8,evaporation,0.8,9,2.4122006554120246,0.0,7.415163411549292,2.412200655412025,0.0
evaporation_0.8,evaporation,0.8,10,2.2994485999619307,0.01503766187543885,6.351427533465904,2.284792664659961,0.6414558103525406
evaporation_0.8,evaporation,0.8,11,2.7976258422275975,0.06979732106683596,6.338830896397122,2.6881673361169907,4.071863557003027
evaporation_0.8,evaporation,0.8,12,1.4401307802139607,0.012214814647590914,8.597439075290458,1.4260236853528467,0.989260908217199
evaporation_0.8,evaporation,0.8,13,2.0420007679332928,0.021515740131987485,6.273859220364829,2.026911186852802,0.7444618776770706
evaporation_0.8,evaporation,0.8,14,1.067134550587395,0.0,2.8199120952514933,1.067134550587395,0.0
evaporation_0.8,evaporation,0.8,15,2.1133148492564042,0.0018032039291183204,5.188552679942222,2.112602871122433,0.03370146579384236
evaporation_0.8,evaporation,0.8,16,2.1606155014676247,0.0017338095722583707,9.676615582988598,2.159640501700675,0.04514639201210253
evaporation_0.8,evaporation,0.8,17,2.0100547196305705,0.0,3.9904743553488515,2.0100547196305705,0.0
evaporation_0.8,evaporation,0.8,18,2.7052757751641314,0.0,9.821118658839259,2.7052757751641314,0.0
evaporation_0.8,evaporation,0.8,19,1.908463713665149,0.0,3.3905602612299846,1.908463713665149,0.0
evaporation_0.8,evaporation,0.8,20,2.1697468439523346,0.0,5.7289226368127855,2.169746843952334,2.0467328300896403e-14
evaporation_0.8,evaporation,0.8,21,2.207342884706021,0.0,3.9199066273984497,2.207342884706021,0.0
evaporation_0.8,evaporation,0.8,22,0.6495626464756479,0.0,24.628945823700633,0.6495626464756483,0.0
evaporation_0.8,evaporation,0.8,23,2.01067302300028,0.0,2.3828263390634676,2.01067302300028,0.0
evaporation_0.8,evaporation,0.8,24,1.3508272334785483,0.0,2.304358851304278,1.3508272334785485,0.0
evaporation_0.8,evaporation,0.8,25,1.9406169918137253,0.0,3.419127691263566,1.9406169918137255,0.0
evaporation_0.8,evaporation,0.8,26,2.219755069515541,0.004783383744054478,5.7505436283536255,2.218200980928021,0.07006076549789744
evaporation_0.8,evaporation,0.8,27,1.9000621512377234,0.0,2.899775345966918,1.9000621512377236,0.0
evaporation_0.8,evaporation,0.8,28,2.028445502677383,0.011001804104468202,5.817773476860021,2.025980418950708,0.12167362051562065
evaporation_0.8,evaporation,0.8,29,2.5059884800340155,0.014169112037318961,11.459050778311212,2.4908832129936185,0.6064221301745852
evaporation_0.8,evaporation,0.8,30,1.9413095012428943,0.013269471391436588,6.871840382093796,1.9298467885369197,0.5939700899606026
