task_id,method,seed,length_km,runtime_s,evaluations,valid,selected_method,order,metadata
1,CheapestInsertion,0,1.8864177600606795,0.0008380820509046316,286,True,,"[4, 3, 2, 5, 6, 7, 9, 10, 8, 1, 0]",{}
1,HeldKarpCheck,0,1.7739991125114165,0.040229336940683424,56331,True,,"[0, 1, 2, 5, 3, 4, 8, 10, 6, 9, 7]",{}
1,NN+2opt,0,1.7739991125114165,0.0011809160932898521,109,True,,"[0, 1, 2, 5, 3, 4, 8, 10, 6, 9, 7]",{}
1,NearestNeighbor,0,1.7851835857089084,0.0007791370153427124,66,True,,"[0, 1, 2, 5, 3, 4, 8, 10, 9, 6, 7]",{}
1,ReferenceExact,20260820,1.7739991125114167,0.018054645974189043,0,True,,"[7, 9, 6, 10, 8, 4, 3, 5, 2, 1, 0]","{""certified"": true, ""concorde_nodes"": 12, ""home_duplicate_padding"": 0, ""integer_objective"": 1773999, ""integer_scale_per_km"": 1000000, ""log"": ""exact_logs/task01/task01.concorde.log"", ""nonzero_returncode_with_certificate"": true, ""original_nodes"": 12, ""problem_sha256"": ""8622f9bc6622caee93f2d52d3f1244654b29d4c7dd32365674d6404e374c55fd"", ""process_returncode"": 255, ""rounding_bound_km_per_tour"": 6e-06, ""solution_sha256"": ""121ef22c2dfd08f1195febe43aea45d8ed78a2e3190e8088dddd6486af1ac49a"", ""solver"": ""Concorde 03.12.19 with QSopt""}"
2,CheapestInsertion,0,2.279975082456949,0.0008396909106522799,286,True,,"[5, 3, 6, 9, 8, 10, 7, 4, 2, 1, 0]",{}
2,HeldKarpCheck,0,2.279975082456949,0.0376513839000836,56331,True,,"[5, 3, 6, 9, 8, 10, 7, 4, 2, 1, 0]",{}
2,NN+2opt,0,2.279975082456949,0.0016294060042127967,158,True,,"[0, 1, 2, 4, 7, 10, 8, 9, 6, 3, 5]",{}
2,NearestNeighbor,0,2.5940198825611454,0.0007537569617852569,66,True,,"[0, 5, 3, 6, 4, 7, 8, 10, 9, 1, 2]",{}
2,ReferenceExact,20260820,2.279975082456949,0.015348784974776208,0,True,,"[5, 3, 6, 9, 8, 10, 7, 4, 2, 1, 0]","{""certified"": true, ""concorde_nodes"": 12, ""home_duplicate_padding"": 0, ""integer_objective"": 2279975, ""integer_scale_per_km"": 1000000, ""log"": ""exact_logs/task02/task02.concorde.log"", ""nonzero_returncode_with_certificate"": true, ""original_nodes"": 12, ""problem_sha256"": ""5e2c67a7c8979591e0d01d5fccb2fb4158efc65cf2fa9c0cb656bc416010c067"", ""process_returncode"": 255, ""rounding_bound_km_per_tour"": 6e-06, ""solution_sha256"": ""5a29c4e27f2898742426b72cf2d511bd626f125568521a8b45109401c8a5e1a0"", ""solver"": ""Concorde 03.12.19 with QSopt""}"
3,CheapestInsertion,0,3.0063730726221536,0.002473652013577521,816,True,,"[15, 14, 5, 4, 6, 8, 11, 13, 12, 10, 9, 7, 1, 0, 3, 2]",{}
3,HeldKarpCheck,0,2.5554615909469742,2.1079156539635733,3932176,True,,"[15, 14, 11, 13, 12, 10, 9, 8, 7, 6, 1, 0, 3, 4, 5, 2]",{}
3,NN+2opt,0,2.5554615909469742,0.0037965489318594337,193,True,,"[2, 5, 4, 3, 0, 1, 6, 7, 8, 9, 10, 12, 13, 11, 14, 15]",{}
3,NearestNeighbor,0,2.624415439459998,0.0014679949963465333,136,True,,"[2, 3, 4, 5, 1, 0, 6, 7, 8, 9, 10, 12, 13, 11, 14, 15]",{}
3,ReferenceExact,20260820,2.5554615909469742,0.021773057989776134,0,True,,"[15, 14, 11, 13, 12, 10, 9, 8, 7, 6, 1, 0, 3, 4, 5, 2]","{""certified"": true, ""concorde_nodes"": 17, ""home_duplicate_padding"": 0, ""integer_objective"": 2555462, ""integer_scale_per_km"": 1000000, ""log"": ""exact_logs/task03/task03.concorde.log"", ""nonzero_returncode_with_certificate"": true, ""original_nodes"": 17, ""problem_sha256"": ""f5d3220da46bd5435fa71cd347bbde1ecae5f16a5c0e2a41adf31a05e140a693"", ""process_returncode"": 255, ""rounding_bound_km_per_tour"": 8.5e-06, ""solution_sha256"": ""de68986ba0d44f0b9753b590f1dd6f82ff350fefca6aeedc637627d4182517b3"", ""solver"": ""Concorde 03.12.19 with QSopt""}"
4,CheapestInsertion,0,2.1715880374208756,0.0012972730910405517,364,True,,"[5, 4, 11, 6, 7, 8, 9, 10, 3, 2, 1, 0]",{}
4,HeldKarpCheck,0,2.1335996845890683,0.08116531698033214,135180,True,,"[5, 4, 6, 11, 10, 9, 8, 7, 3, 2, 1, 0]",{}
4,NN+2opt,0,2.1385399346185148,0.0017214469844475389,95,True,,"[0, 1, 10, 9, 8, 7, 11, 6, 3, 2, 4, 5]",{}
4,NearestNeighbor,0,2.2047966114947997,0.0012138800229877234,78,True,,"[0, 1, 2, 3, 6, 11, 7, 8, 9, 10, 4, 5]",{}
4,ReferenceExact,20260820,2.1335996845890683,0.018420886946842074,0,True,,"[5, 4, 6, 11, 10, 9, 8, 7, 3, 2, 1, 0]","{""certified"": true, ""concorde_nodes"": 13, ""home_duplicate_padding"": 0, ""integer_objective"": 2133600, ""integer_scale_per_km"": 1000000, ""log"": ""exact_logs/task04/task04.concorde.log"", ""nonzero_returncode_with_certificate"": true, ""original_nodes"": 13, ""problem_sha256"": ""d8a6136f2facd47b488363876154ee68ea3e5c97d18850ccb9136253b7474b43"", ""process_returncode"": 255, ""rounding_bound_km_per_tour"": 6.5e-06, ""solution_sha256"": ""331b230f003ed726095fb688aa634c0718d65966512111fa001475a21691f5bc"", ""solver"": ""Concorde 03.12.19 with QSopt""}"
5,CheapestInsertion,0,1.9933933449249972,0.0013092929730191827,364,True,,"[2, 0, 1, 3, 4, 7, 6, 9, 10, 11, 8, 5]",{}
5,HeldKarpCheck,0,1.865074221023855,0.0960960250813514,135180,True,,"[5, 6, 8, 11, 10, 9, 7, 4, 3, 1, 0, 2]",{}
5,NN+2opt,0,1.865074221023855,0.0029610879719257355,244,True,,"[5, 6, 8, 11, 10, 9, 7, 4, 3, 1, 0, 2]",{}
5,NearestNeighbor,0,2.357657723544228,0.0011179159628227353,78,True,,"[5, 2, 0, 1, 4, 7, 6, 8, 10, 11, 9, 3]",{}
5,ReferenceExact,20260820,1.865074221023855,0.010370226111263037,0,True,,"[5, 6, 8, 11, 10, 9, 7, 4, 3, 1, 0, 2]","{""certified"": true, ""concorde_nodes"": 13, ""home_duplicate_padding"": 0, ""integer_objective"": 1865074, ""integer_scale_per_km"": 1000000, ""log"": ""exact_logs/task05/task05.concorde.log"", ""nonzero_returncode_with_certificate"": true, ""original_nodes"": 13, ""problem_sha256"": ""8b99ce52d324c137a57030773b456597c0b3d2e354bf831db201f0ec1930cef0"", ""process_returncode"": 255, ""rounding_bound_km_per_tour"": 6.5e-06, ""solution_sha256"": ""13a8ece41073a4ee625e9ba9d18bc53351250b3f68cf88267bf8a40e3d3bd2d4"", ""solver"": ""Concorde 03.12.19 with QSopt""}"
6,CheapestInsertion,0,1.8107954783805313,0.0008045349968597293,286,True,,"[10, 6, 8, 9, 7, 5, 4, 3, 2, 1, 0]",{}
6,HeldKarpCheck,0,1.756456461232624,0.03728690906427801,56331,True,,"[0, 1, 2, 3, 4, 5, 9, 7, 8, 6, 10]",{}
6,NN+2opt,0,1.7564564612326241,0.0008601960726082325,57,True,,"[10, 6, 8, 7, 9, 5, 4, 3, 2, 1, 0]",{}
6,NearestNeighbor,0,1.780281532237733,0.0008058029925450683,66,True,,"[6, 10, 8, 7, 9, 5, 4, 3, 2, 1, 0]",{}
6,ReferenceExact,20260820,1.7564564612326241,0.013020599028095603,0,True,,"[10, 6, 8, 7, 9, 5, 4, 3, 2, 1, 0]","{""certified"": true, ""concorde_nodes"": 12, ""home_duplicate_padding"": 0, ""integer_objective"": 1756457, ""integer_scale_per_km"": 1000000, ""log"": ""exact_logs/task06/task06.concorde.log"", ""nonzero_returncode_with_certificate"": true, ""original_nodes"": 12, ""problem_sha256"": ""f535ac1b38e11d9fff8f7c1f6164d0540aa10239e8fdc9c3e544b707183c6073"", ""process_returncode"": 255, ""rounding_bound_km_per_tour"": 6e-06, ""solution_sha256"": ""32bb2fb5cb0eff762b733737c6b23133ab02e04d781f42fb4e120d7460f015b9"", ""solver"": ""Concorde 03.12.19 with QSopt""}"
7,CheapestInsertion,0,1.8632534169221024,0.00039851199835538864,120,True,,"[0, 1, 2, 3, 6, 7, 5, 4]",{}
7,HeldKarpCheck,0,1.8418822070973002,0.005675924010574818,3592,True,,"[4, 7, 6, 5, 3, 2, 1, 0]",{}
7,NN+2opt,0,1.8478206541035758,0.0009196330793201923,106,True,,"[0, 1, 2, 6, 7, 5, 3, 4]",{}
7,NearestNeighbor,0,1.9799551220787959,0.0006008610362187028,36,True,,"[1, 0, 2, 3, 5, 4, 7, 6]",{}
7,ReferenceExact,20260820,1.8418822070973002,0.014512875000946224,0,True,,"[4, 7, 6, 5, 3, 2, 1, 0]","{""certified"": true, ""concorde_nodes"": 10, ""home_duplicate_padding"": 1, ""integer_objective"": 1841883, ""integer_scale_per_km"": 1000000, ""log"": ""exact_logs/task07/task07.concorde.log"", ""nonzero_returncode_with_certificate"": true, ""original_nodes"": 9, ""problem_sha256"": ""1ae297491a64f6e03b2354caa38fd8e50fb3637a78e3145ce8ebfa1555e8d393"", ""process_returncode"": 255, ""rounding_bound_km_per_tour"": 4.5e-06, ""solution_sha256"": ""502bbcd0eb0c3576683f41219ed2504b37503d316d093ab9f6dac1c30ce237ea"", ""solver"": ""Concorde 03.12.19 with QSopt""}"
8,CheapestInsertion,0,2.5092977523820537,0.0023744769860059023,1330,True,,"[0, 1, 2, 4, 5, 6, 8, 9, 16, 14, 17, 18, 15, 12, 13, 7, 11, 10, 3]",{}
8,NN+2opt,0,2.5367527962245857,0.009592523099854589,888,True,,"[3, 10, 7, 11, 13, 15, 18, 17, 12, 14, 16, 9, 8, 6, 5, 4, 2, 1, 0]",{}
8,NearestNeighbor,0,3.1720975038006007,0.0011966460151597857,190,True,,"[3, 0, 1, 2, 4, 5, 6, 8, 9, 14, 17, 18, 15, 13, 12, 11, 7, 10, 16]",{}
8,ReferenceExact,20260820,2.4314289960780373,0.013908843044191599,0,True,,"[0, 1, 2, 4, 5, 6, 8, 9, 16, 14, 17, 18, 15, 13, 12, 11, 7, 10, 3]","{""certified"": true, ""concorde_nodes"": 20, ""home_duplicate_padding"": 0, ""integer_objective"": 2431429, ""integer_scale_per_km"": 1000000, ""log"": ""exact_logs/task08/task08.concorde.log"", ""nonzero_returncode_with_certificate"": true, ""original_nodes"": 20, ""problem_sha256"": ""634c333599155aa7ac89ff95a91af1db1e5b8a469c1a9843bf05eecc19999468"", ""process_returncode"": 255, ""rounding_bound_km_per_tour"": 1e-05, ""solution_sha256"": ""0114f6e08ef5101c6b332fd3e02fd3ffd94d004be49d909daf6e9ce9683b4153"", ""solver"": ""Concorde 03.12.19 with QSopt""}"
9,CheapestInsertion,0,2.587470410422966,0.0008820210350677371,455,True,,"[0, 2, 3, 5, 8, 10, 6, 12, 9, 11, 7, 4, 1]",{}
9,HeldKarpCheck,0,2.4122006554120246,0.21623938996344805,319501,True,,"[7, 11, 9, 12, 6, 10, 8, 5, 4, 3, 2, 0, 1]",{}
9,NN+2opt,0,2.470378420663633,0.001481320010498166,151,True,,"[1, 0, 2, 3, 4, 5, 8, 10, 12, 9, 11, 7, 6]",{}
9,NearestNeighbor,0,2.523589319395656,0.0006864420138299465,91,True,,"[1, 0, 2, 3, 4, 5, 8, 10, 6, 7, 11, 9, 12]",{}
9,ReferenceExact,20260820,2.4122006554120246,0.021304704016074538,0,True,,"[1, 0, 2, 3, 4, 5, 8, 10, 6, 12, 9, 11, 7]","{""certified"": true, ""concorde_nodes"": 14, ""home_duplicate_padding"": 0, ""integer_objective"": 2412202, ""integer_scale_per_km"": 1000000, ""log"": ""exact_logs/task09/task09.concorde.log"", ""nonzero_returncode_with_certificate"": true, ""original_nodes"": 14, ""problem_sha256"": ""3b43012a567c10a2bf842c01fc1eca7dc7fad52959caaa5aac82beea331e7fb4"", ""process_returncode"": 255, ""rounding_bound_km_per_tour"": 7e-06, ""solution_sha256"": ""1da037dfa2e6992277a9c864f640d14ac212fa4fe54b2589327525e0a1f36ecf"", ""solver"": ""Concorde 03.12.19 with QSopt""}"
10,CheapestInsertion,0,2.488381709809749,0.0006502179894596338,286,True,,"[7, 10, 8, 4, 5, 9, 2, 0, 1, 6, 3]",{}
10,HeldKarpCheck,0,2.2847926646599612,0.050125411013141274,56331,True,,"[3, 7, 10, 8, 6, 2, 4, 9, 5, 0, 1]",{}
10,NN+2opt,0,2.3677967787319165,0.0010959490900859237,115,True,,"[3, 6, 2, 1, 0, 4, 5, 9, 8, 10, 7]",{}
10,NearestNeighbor,0,2.436942079263676,0.0006251379381865263,66,True,,"[3, 7, 10, 8, 6, 2, 1, 0, 4, 5, 9]",{}
10,ReferenceExact,20260820,2.2847926646599612,0.01437923195771873,0,True,,"[3, 7, 10, 8, 6, 2, 4, 9, 5, 0, 1]","{""certified"": true, ""concorde_nodes"": 12, ""home_duplicate_padding"": 0, ""integer_objective"": 2284791, ""integer_scale_per_km"": 1000000, ""log"": ""exact_logs/task10/task10.concorde.log"", ""nonzero_returncode_with_certificate"": true, ""original_nodes"": 12, ""problem_sha256"": ""ca37e0911bf996a0f050ad64910afe846d9a79bebe2d45e65d3661d87df8e745"", ""process_returncode"": 255, ""rounding_bound_km_per_tour"": 6e-06, ""solution_sha256"": ""ad1e47a87430b73ad131e30ed434be239caa6a70245e297821fbdb50ce0e5094"", ""solver"": ""Concorde 03.12.19 with QSopt""}"
11,CheapestInsertion,0,2.7824251038519114,0.0006196559406816959,286,True,,"[7, 10, 8, 9, 6, 5, 4, 3, 2, 1, 0]",{}
11,HeldKarpCheck,0,2.6881673361169907,0.04456582199782133,56331,True,,"[0, 1, 2, 3, 4, 5, 9, 8, 10, 7, 6]",{}
11,NN+2opt,0,2.782425103851911,0.0013721439754590392,176,True,,"[0, 1, 2, 3, 4, 5, 6, 9, 8, 10, 7]",{}
11,NearestNeighbor,0,3.1072031556646302,0.0003277891082689166,66,True,,"[0, 1, 3, 4, 5, 6, 7, 8, 10, 9, 2]",{}
11,ReferenceExact,20260820,2.6881673361169907,0.009344821912236512,0,True,,"[0, 1, 2, 3, 4, 5, 9, 8, 10, 7, 6]","{""certified"": true, ""concorde_nodes"": 12, ""home_duplicate_padding"": 0, ""integer_objective"": 2688169, ""integer_scale_per_km"": 1000000, ""log"": ""exact_logs/task11/task11.concorde.log"", ""nonzero_returncode_with_certificate"": true, ""original_nodes"": 12, ""problem_sha256"": ""1cba66e448d69376e6f663d85bb455b26f60fcac0f756d189df1e8435b1ff966"", ""process_returncode"": 255, ""rounding_bound_km_per_tour"": 6e-06, ""solution_sha256"": ""cc44cc9542ce659d4d6f111192c52d416f103d9bd793480705dd9da6d724da4b"", ""solver"": ""Concorde 03.12.19 with QSopt""}"
12,CheapestInsertion,0,1.428135312838,0.001194607000797987,680,True,,"[0, 2, 11, 5, 8, 9, 12, 13, 14, 10, 6, 7, 3, 4, 1]",{}
12,HeldKarpCheck,0,1.4260236853528467,1.0214594589779153,1720335,True,,"[1, 2, 11, 5, 8, 9, 12, 13, 14, 10, 6, 7, 3, 4, 0]",{}
12,NN+2opt,0,1.4260236853528467,0.0023430970031768084,226,True,,"[0, 4, 3, 7, 6, 10, 14, 13, 12, 9, 8, 5, 11, 2, 1]",{}
12,NearestNeighbor,0,1.7725267319089468,0.0005393729079514742,120,True,,"[1, 0, 2, 5, 8, 9, 12, 13, 14, 10, 6, 3, 4, 7, 11]",{}
12,ReferenceExact,20260820,1.4260236853528467,0.01581583800725639,0,True,,"[1, 2, 11, 5, 8, 9, 12, 13, 14, 10, 6, 7, 3, 4, 0]","{""certified"": true, ""concorde_nodes"": 16, ""home_duplicate_padding"": 0, ""integer_objective"": 1426024, ""integer_scale_per_km"": 1000000, ""log"": ""exact_logs/task12/task12.concorde.log"", ""nonzero_returncode_with_certificate"": true, ""original_nodes"": 16, ""problem_sha256"": ""3f309d02d10d1e5dcc347c71312e232e1af6ed59cf2f4672b138c3bdb48e467e"", ""process_returncode"": 255, ""rounding_bound_km_per_tour"": 8e-06, ""solution_sha256"": ""d5dd6a10f337530e94ddc90e1ef493220292c6fa2e2cbe15d868e643e635960f"", ""solver"": ""Concorde 03.12.19 with QSopt""}"
13,CheapestInsertion,0,2.1100247670775323,0.0005708209937438369,286,True,,"[1, 8, 6, 7, 10, 9, 5, 4, 3, 2, 0]",{}
13,HeldKarpCheck,0,2.026911186852802,0.043462401954457164,56331,True,,"[0, 1, 2, 3, 4, 5, 9, 10, 7, 6, 8]",{}
13,NN+2opt,0,2.080079610501402,0.0006150880362838507,56,True,,"[0, 1, 6, 7, 2, 3, 4, 5, 9, 10, 8]",{}
13,NearestNeighbor,0,2.080079610501402,0.000305882073007524,66,True,,"[0, 1, 6, 7, 2, 3, 4, 5, 9, 10, 8]",{}
13,ReferenceExact,20260820,2.026911186852802,0.014991595991887152,0,True,,"[0, 1, 2, 3, 4, 5, 9, 10, 7, 6, 8]","{""certified"": true, ""concorde_nodes"": 12, ""home_duplicate_padding"": 0, ""integer_objective"": 2026913, ""integer_scale_per_km"": 1000000, ""log"": ""exact_logs/task13/task13.concorde.log"", ""nonzero_returncode_with_certificate"": true, ""original_nodes"": 12, ""problem_sha256"": ""7e87da1f8642b54dd56e4d218d3a516c3a52fa24280a66624ac41611a4dc52b8"", ""process_returncode"": 255, ""rounding_bound_km_per_tour"": 6e-06, ""solution_sha256"": ""6867c127776ea0a3f6ef54ec389b7aefed60c3841999ce8e76799ee9604108e4"", ""solver"": ""Concorde 03.12.19 with QSopt""}"
14,CheapestInsertion,0,1.0951009983883424,0.000153454951941967,35,True,,"[1, 3, 4, 2, 0]",{}
14,HeldKarpCheck,0,1.067134550587395,0.0005093939835205674,165,True,,"[2, 4, 3, 1, 0]",{}
14,NN+2opt,0,1.067134550587395,0.00018251303117722273,18,True,,"[0, 1, 3, 4, 2]",{}
14,NearestNeighbor,0,1.0951009983883422,0.00015603902284055948,15,True,,"[0, 2, 4, 3, 1]",{}
14,ReferenceExact,20260820,1.067134550587395,0.020582699100486934,0,True,,"[2, 4, 3, 1, 0]","{""certified"": true, ""concorde_nodes"": 10, ""home_duplicate_padding"": 4, ""integer_objective"": 1067135, ""integer_scale_per_km"": 1000000, ""log"": ""exact_logs/task14/task14.concorde.log"", ""nonzero_returncode_with_certificate"": true, ""original_nodes"": 6, ""problem_sha256"": ""9ae71243a7e58befcead7295134e6531ce3b331d832b7c768fec22f3e99e5306"", ""process_returncode"": 255, ""rounding_bound_km_per_tour"": 3e-06, ""solution_sha256"": ""d5bebe7f8732d60640deb472154a1f8b0bcba98c668ff05ac870fa3269dbd140"", ""solver"": ""Concorde 03.12.19 with QSopt""}"
15,CheapestInsertion,0,2.112602871122433,0.0004645140143111348,165,True,,"[7, 8, 6, 5, 2, 4, 3, 1, 0]",{}
15,HeldKarpCheck,0,2.112602871122433,0.009821741958148777,9225,True,,"[7, 8, 6, 5, 2, 4, 3, 1, 0]",{}
15,NN+2opt,0,2.1201527161838998,0.0011814129538834095,142,True,,"[5, 6, 7, 8, 1, 3, 4, 2, 0]",{}
15,NearestNeighbor,0,2.20870257823344,0.0003109310055151582,45,True,,"[0, 2, 4, 3, 1, 5, 6, 7, 8]",{}
15,ReferenceExact,20260820,2.112602871122433,0.01447267597541213,0,True,,"[7, 8, 6, 5, 2, 4, 3, 1, 0]","{""certified"": true, ""concorde_nodes"": 10, ""home_duplicate_padding"": 0, ""integer_objective"": 2112602, ""integer_scale_per_km"": 1000000, ""log"": ""exact_logs/task15/task15.concorde.log"", ""nonzero_returncode_with_certificate"": true, ""original_nodes"": 10, ""problem_sha256"": ""37ac614b1afd5a133e8f518da5e66f607ce6cb08217dd27d7dd9b918efbbfd6c"", ""process_returncode"": 255, ""rounding_bound_km_per_tour"": 5e-06, ""solution_sha256"": ""bfdf721acb71fad25ed49a67ea0662b40bcff9358760f3970aa4aa6227458635"", ""solver"": ""Concorde 03.12.19 with QSopt""}"
16,CheapestInsertion,0,2.2570766590637583,0.001588182058185339,969,True,,"[0, 1, 2, 4, 8, 5, 7, 6, 9, 3, 10, 11, 13, 15, 14, 12, 16]",{}
16,HeldKarpCheck,0,2.159640501700675,4.845359865925275,8912913,True,,"[0, 1, 3, 6, 9, 7, 5, 2, 4, 8, 11, 13, 15, 14, 10, 16, 12]",{}
16,NN+2opt,0,2.17124401463147,0.009172825026325881,1017,True,,"[0, 1, 3, 6, 9, 5, 2, 4, 8, 7, 11, 13, 15, 14, 10, 16, 12]",{}
16,NearestNeighbor,0,2.3146727467173256,0.0006341950502246618,153,True,,"[3, 6, 9, 7, 5, 2, 4, 8, 1, 0, 10, 14, 15, 13, 11, 12, 16]",{}
16,ReferenceExact,20260820,2.159640501700675,0.03624723898246884,0,True,,"[0, 1, 3, 6, 9, 7, 5, 2, 4, 8, 11, 13, 15, 14, 10, 16, 12]","{""certified"": true, ""concorde_nodes"": 18, ""home_duplicate_padding"": 0, ""integer_objective"": 2159641, ""integer_scale_per_km"": 1000000, ""log"": ""exact_logs/task16/task16.concorde.log"", ""nonzero_returncode_with_certificate"": true, ""original_nodes"": 18, ""problem_sha256"": ""ea6f6fb91e88a240da6d86ea2c0d7d6b9db5832285c30ab360ee796d84a7c0a3"", ""process_returncode"": 255, ""rounding_bound_km_per_tour"": 9e-06, ""solution_sha256"": ""500b28d6fcf742ea9e58a4e41090648b60f748f16a257fc7317e1f04eb5abe0d"", ""solver"": ""Concorde 03.12.19 with QSopt""}"
17,CheapestInsertion,0,2.185867979443395,0.00023137498646974564,84,True,,"[6, 1, 0, 5, 3, 2, 4]",{}
17,HeldKarpCheck,0,2.0100547196305705,0.0020287439692765474,1351,True,,"[6, 5, 0, 3, 1, 2, 4]",{}
17,NN+2opt,0,2.0100547196305705,0.0002650358946993947,22,True,,"[4, 2, 1, 3, 0, 5, 6]",{}
17,NearestNeighbor,0,2.0100547196305705,0.00017354788724333048,28,True,,"[4, 2, 1, 3, 0, 5, 6]",{}
17,ReferenceExact,20260820,2.0100547196305705,0.012223231955431402,0,True,,"[6, 5, 0, 3, 1, 2, 4]","{""certified"": true, ""concorde_nodes"": 10, ""home_duplicate_padding"": 2, ""integer_objective"": 2010056, ""integer_scale_per_km"": 1000000, ""log"": ""exact_logs/task17/task17.concorde.log"", ""nonzero_returncode_with_certificate"": true, ""original_nodes"": 8, ""problem_sha256"": ""295764a072197f17df41354fddd949717f36b725036dd8190ebe146b510bde44"", ""process_returncode"": 255, ""rounding_bound_km_per_tour"": 4e-06, ""solution_sha256"": ""1ae39423794ebb7ea804649928092781cd9addc24eaabd013067eafd4c0f7d0e"", ""solver"": ""Concorde 03.12.19 with QSopt""}"
18,CheapestInsertion,0,3.1435140305922897,0.0017760939663276076,969,True,,"[7, 6, 4, 3, 2, 9, 11, 8, 13, 14, 16, 15, 12, 10, 5, 1, 0]",{}
18,HeldKarpCheck,0,2.7052757751641314,4.746194284060039,8912913,True,,"[4, 6, 7, 14, 16, 15, 12, 13, 11, 9, 8, 10, 5, 1, 0, 3, 2]",{}
18,NN+2opt,0,2.761131209664624,0.010548894992098212,1206,True,,"[7, 6, 4, 3, 2, 0, 1, 5, 10, 8, 9, 11, 13, 12, 15, 16, 14]",{}
18,NearestNeighbor,0,3.011457479037936,0.0006727480795234442,153,True,,"[6, 7, 4, 2, 3, 0, 1, 5, 10, 12, 13, 16, 15, 11, 9, 8, 14]",{}
18,ReferenceExact,20260820,2.7052757751641314,0.0205910139484331,0,True,,"[4, 6, 7, 14, 16, 15, 12, 13, 11, 9, 8, 10, 5, 1, 0, 3, 2]","{""certified"": true, ""concorde_nodes"": 18, ""home_duplicate_padding"": 0, ""integer_objective"": 2705275, ""integer_scale_per_km"": 1000000, ""log"": ""exact_logs/task18/task18.concorde.log"", ""nonzero_returncode_with_certificate"": true, ""original_nodes"": 18, ""problem_sha256"": ""63bb325f4e18b3c66eef6fb5493ee359035e4ea1c01cbc9d61c334efb90c126f"", ""process_returncode"": 255, ""rounding_bound_km_per_tour"": 9e-06, ""solution_sha256"": ""6327d92277aafdef63fd1414cbb52206f324672fcffb4a068818b9158844f05f"", ""solver"": ""Concorde 03.12.19 with QSopt""}"
19,CheapestInsertion,0,1.9505339477849297,0.00017730100080370903,56,True,,"[3, 5, 4, 2, 1, 0]",{}
19,HeldKarpCheck,0,1.908463713665149,0.0007020430639386177,486,True,,"[2, 3, 4, 5, 1, 0]",{}
19,NN+2opt,0,1.908463713665149,0.0002751059364527464,28,True,,"[0, 1, 5, 4, 3, 2]",{}
19,NearestNeighbor,0,1.9609034837980999,0.00016780092846602201,21,True,,"[0, 1, 2, 3, 4, 5]",{}
19,ReferenceExact,20260820,1.908463713665149,0.0172532208962366,0,True,,"[2, 3, 4, 5, 1, 0]","{""certified"": true, ""concorde_nodes"": 10, ""home_duplicate_padding"": 3, ""integer_objective"": 1908463, ""integer_scale_per_km"": 1000000, ""log"": ""exact_logs/task19/task19.concorde.log"", ""nonzero_returncode_with_certificate"": true, ""original_nodes"": 7, ""problem_sha256"": ""89784f59a85d59edd2c36bbf015f8dad67abbe05433549e57c15246b222e9248"", ""process_returncode"": 255, ""rounding_bound_km_per_tour"": 3.5e-06, ""solution_sha256"": ""f27de81d8e2f181029fd3c1b36c216b4954b902287176f6a0cb46428a88eb675"", ""solver"": ""Concorde 03.12.19 with QSopt""}"
20,CheapestInsertion,0,2.2248962200315026,0.0005102789727970958,220,True,,"[6, 7, 5, 4, 2, 8, 9, 3, 1, 0]",{}
20,HeldKarpCheck,0,2.1697468439523346,0.021811092970892787,23050,True,,"[3, 2, 4, 5, 6, 7, 8, 9, 1, 0]",{}
20,NN+2opt,0,2.1919092213038294,0.0005758770275861025,46,True,,"[2, 4, 5, 6, 7, 8, 9, 3, 1, 0]",{}
20,NearestNeighbor,0,2.1919092213038294,0.0002960250712931156,55,True,,"[2, 4, 5, 6, 7, 8, 9, 3, 1, 0]",{}
20,ReferenceExact,20260820,2.1697468439523346,0.01601720799226314,0,True,,"[0, 1, 9, 8, 7, 6, 5, 4, 2, 3]","{""certified"": true, ""concorde_nodes"": 11, ""home_duplicate_padding"": 0, ""integer_objective"": 2169749, ""integer_scale_per_km"": 1000000, ""log"": ""exact_logs/task20/task20.concorde.log"", ""nonzero_returncode_with_certificate"": true, ""original_nodes"": 11, ""problem_sha256"": ""e3d3d93b36623e9fca43b4f948cbfba121637776ccdfe6dddecf72102da68a0b"", ""process_returncode"": 255, ""rounding_bound_km_per_tour"": 5.5e-06, ""solution_sha256"": ""e0ddd01b5ab681ec6ae89760317af9b15652d47ddc4777eac30723d860999450"", ""solver"": ""Concorde 03.12.19 with QSopt""}"
21,CheapestInsertion,0,2.2868830026413263,0.0004280669381842017,84,True,,"[0, 1, 2, 3, 6, 5, 4]",{}
21,HeldKarpCheck,0,2.207342884706021,0.0022960170172154903,1351,True,,"[1, 2, 4, 5, 6, 3, 0]",{}
21,NN+2opt,0,2.2073428847060215,0.0005975000094622374,34,True,,"[0, 3, 6, 5, 4, 2, 1]",{}
21,NearestNeighbor,0,2.3086256803578853,0.00028062891215085983,28,True,,"[1, 0, 2, 4, 5, 6, 3]",{}
21,ReferenceExact,20260820,2.2073428847060215,0.011248991941101849,0,True,,"[0, 3, 6, 5, 4, 2, 1]","{""certified"": true, ""concorde_nodes"": 10, ""home_duplicate_padding"": 2, ""integer_objective"": 2207342, ""integer_scale_per_km"": 1000000, ""log"": ""exact_logs/task21/task21.concorde.log"", ""nonzero_returncode_with_certificate"": true, ""original_nodes"": 8, ""problem_sha256"": ""e1f235eccb645a678aeb7c230de58d5001cca5f412dd3298ad44d046d0616dc5"", ""process_returncode"": 255, ""rounding_bound_km_per_tour"": 4e-06, ""solution_sha256"": ""9ce9656bcd63178c23874f1650eb47559f4bc814c0863e5b5477e30201eff9e3"", ""solver"": ""Concorde 03.12.19 with QSopt""}"
22,CheapestInsertion,0,0.6495626477727782,0.013063353020697832,13244,True,,"[1, 2, 3, 4, 0, 5, 6, 7, 8, 9, 10, 11, 12, 13, 14, 15, 16, 17, 18, 19, 20, 21, 22, 23, 24, 25, 26, 27, 28, 29, 30, 31, 32, 33, 34, 35, 36, 37, 38, 39, 40, 41]",{}
22,NN+2opt,0,0.6495626464756479,0.015189710073173046,867,True,,"[1, 2, 3, 0, 4, 5, 6, 7, 8, 9, 10, 11, 12, 13, 14, 15, 16, 17, 18, 19, 20, 21, 22, 23, 24, 25, 26, 27, 28, 29, 30, 31, 32, 33, 34, 35, 36, 37, 38, 39, 40, 41]",{}
22,NearestNeighbor,0,0.6732546714447214,0.003888912033289671,903,True,,"[5, 4, 0, 3, 2, 1, 6, 7, 8, 9, 10, 11, 12, 13, 14, 15, 16, 17, 18, 19, 20, 21, 22, 23, 24, 25, 26, 27, 28, 29, 30, 31, 32, 33, 34, 35, 36, 37, 38, 39, 40, 41]",{}
22,ReferenceExact,20260820,0.6495626464756483,0.0792955249780789,0,True,,"[41, 40, 39, 38, 37, 36, 35, 34, 33, 32, 31, 30, 29, 28, 27, 26, 25, 24, 23, 22, 21, 20, 19, 18, 17, 16, 15, 14, 13, 12, 11, 10, 9, 8, 7, 6, 5, 4, 0, 3, 2, 1]","{""certified"": true, ""concorde_nodes"": 43, ""home_duplicate_padding"": 0, ""integer_objective"": 649566, ""integer_scale_per_km"": 1000000, ""log"": ""exact_logs/task22/task22.concorde.log"", ""nonzero_returncode_with_certificate"": true, ""original_nodes"": 43, ""problem_sha256"": ""48a2b81067bdf441ad0047ec9f0c1f28e27984edfd48f3a25e7b492dc5302f39"", ""process_returncode"": 255, ""rounding_bound_km_per_tour"": 2.15e-05, ""solution_sha256"": ""878c36ecd3d44802e2ab8cbd6888b0f54402de60b90445bd7bb5fd528e56b204"", ""solver"": ""Concorde 03.12.19 with QSopt""}"
23,CheapestInsertion,0,2.01067302300028,8.957507088780403e-05,20,True,,"[3, 2, 1, 0]",{}
23,HeldKarpCheck,0,2.01067302300028,0.0003066890640184283,52,True,,"[3, 2, 1, 0]",{}
23,NN+2opt,0,2.01067302300028,8.49550124257803e-05,7,True,,"[0, 1, 2, 3]",{}
23,NearestNeighbor,0,2.01067302300028,9.801809210330248e-05,10,True,,"[0, 1, 2, 3]",{}
23,ReferenceExact,20260820,2.01067302300028,0.017999917967244983,0,True,,"[3, 2, 1, 0]","{""certified"": true, ""concorde_nodes"": 10, ""home_duplicate_padding"": 5, ""integer_objective"": 2010673, ""integer_scale_per_km"": 1000000, ""log"": ""exact_logs/task23/task23.concorde.log"", ""nonzero_returncode_with_certificate"": true, ""original_nodes"": 5, ""problem_sha256"": ""6842b6c0a04943ad22e89a9f2538ab9f6d19198e131f6c24686e6b7ff8a0ef6e"", ""process_returncode"": 255, ""rounding_bound_km_per_tour"": 2.5e-06, ""solution_sha256"": ""769792b6406dfc27568c5861b6d3101c9361e56630d2c88787367165bdc93714"", ""solver"": ""Concorde 03.12.19 with QSopt""}"
24,CheapestInsertion,0,1.3508272334785483,0.00011565000750124454,20,True,,"[0, 1, 3, 2]",{}
24,HeldKarpCheck,0,1.3508272334785483,0.0001643120776861906,52,True,,"[2, 3, 1, 0]",{}
24,NN+2opt,0,1.3508272334785483,0.0001224230509251356,12,True,,"[2, 3, 1, 0]",{}
24,NearestNeighbor,0,1.3993748985047247,0.0001097760396078229,10,True,,"[2, 0, 1, 3]",{}
24,ReferenceExact,20260820,1.3508272334785483,0.026995436986908317,0,True,,"[2, 3, 1, 0]","{""certified"": true, ""concorde_nodes"": 10, ""home_duplicate_padding"": 5, ""integer_objective"": 1350828, ""integer_scale_per_km"": 1000000, ""log"": ""exact_logs/task24/task24.concorde.log"", ""nonzero_returncode_with_certificate"": true, ""original_nodes"": 5, ""problem_sha256"": ""dd1bb15eca982409431f616a7e3cf909cedd11f1f04210dd85221f8c1211d464"", ""process_returncode"": 255, ""rounding_bound_km_per_tour"": 2.5e-06, ""solution_sha256"": ""8b5be629f866b93c8e545482abee3ed926acaf3fb2fc2cdd132be54bb68154cc"", ""solver"": ""Concorde 03.12.19 with QSopt""}"
25,CheapestInsertion,0,1.9814865705339093,0.0002079779515042901,56,True,,"[2, 4, 5, 1, 3, 0]",{}
25,HeldKarpCheck,0,1.9406169918137253,0.0009781159460544586,486,True,,"[0, 1, 3, 5, 4, 2]",{}
25,NN+2opt,0,1.9406169918137253,0.0003913990221917629,55,True,,"[0, 1, 3, 5, 4, 2]",{}
25,NearestNeighbor,0,2.14963730615957,0.00015250395517796278,21,True,,"[0, 1, 3, 4, 2, 5]",{}
25,ReferenceExact,20260820,1.9406169918137257,0.019578515086323023,0,True,,"[2, 4, 5, 3, 1, 0]","{""certified"": true, ""concorde_nodes"": 10, ""home_duplicate_padding"": 3, ""integer_objective"": 1940617, ""integer_scale_per_km"": 1000000, ""log"": ""exact_logs/task25/task25.concorde.log"", ""nonzero_returncode_with_certificate"": true, ""original_nodes"": 7, ""problem_sha256"": ""2253b1f6aec5941a783284d99b07c551fb55fd4aa26320d77209c0e9dcef5574"", ""process_returncode"": 255, ""rounding_bound_km_per_tour"": 3.5e-06, ""solution_sha256"": ""077d07db2097b3323dbb2ebbc531004d213ef71ff2457e11c136356dd2df61a9"", ""solver"": ""Concorde 03.12.19 with QSopt""}"
26,CheapestInsertion,0,2.2182009809280214,0.0004868329269811511,220,True,,"[7, 8, 9, 5, 3, 6, 4, 1, 0, 2]",{}
26,HeldKarpCheck,0,2.218200980928021,0.018274937057867646,23050,True,,"[2, 0, 1, 4, 6, 3, 5, 9, 8, 7]",{}
26,NN+2opt,0,2.218200980928021,0.0007121560629457235,87,True,,"[2, 0, 1, 4, 6, 3, 5, 9, 8, 7]",{}
26,NearestNeighbor,0,2.3849297200719657,0.00027162896003574133,55,True,,"[2, 3, 5, 7, 8, 9, 6, 4, 1, 0]",{}
26,ReferenceExact,20260820,2.2182009809280214,0.007810729090124369,0,True,,"[7, 8, 9, 5, 3, 6, 4, 1, 0, 2]","{""certified"": true, ""concorde_nodes"": 11, ""home_duplicate_padding"": 0, ""integer_objective"": 2218201, ""integer_scale_per_km"": 1000000, ""log"": ""exact_logs/task26/task26.concorde.log"", ""nonzero_returncode_with_certificate"": true, ""original_nodes"": 11, ""problem_sha256"": ""4d5142aeb37316517a94c38bda03c0c42d6897e44d47084f95c5f97756130ae5"", ""process_returncode"": 255, ""rounding_bound_km_per_tour"": 5.5e-06, ""solution_sha256"": ""69345b642f789e1a5b286dccd948b18c4fdfb4ba43906f33069edfa13de98fc7"", ""solver"": ""Concorde 03.12.19 with QSopt""}"
27,CheapestInsertion,0,1.9000621512377234,0.00015103898476809263,35,True,,"[2, 3, 4, 1, 0]",{}
27,HeldKarpCheck,0,1.9000621512377234,0.0004773580003529787,165,True,,"[2, 3, 4, 1, 0]",{}
27,NN+2opt,0,1.9000621512377234,0.000233388040214777,23,True,,"[0, 1, 4, 3, 2]",{}
27,NearestNeighbor,0,2.0010321657997983,0.00014284392818808556,15,True,,"[0, 2, 3, 1, 4]",{}
27,ReferenceExact,20260820,1.9000621512377234,0.015461082104593515,0,True,,"[2, 3, 4, 1, 0]","{""certified"": true, ""concorde_nodes"": 10, ""home_duplicate_padding"": 4, ""integer_objective"": 1900063, ""integer_scale_per_km"": 1000000, ""log"": ""exact_logs/task27/task27.concorde.log"", ""nonzero_returncode_with_certificate"": true, ""original_nodes"": 6, ""problem_sha256"": ""ec3eee09f663d04c5a218bf973f516e802a6f436931db0c17afe4ebceff0d61f"", ""process_returncode"": 255, ""rounding_bound_km_per_tour"": 3e-06, ""solution_sha256"": ""42e825299ffd633f6531868fd4ec72a3a65d778e19858c539e8bcaadb6a180da"", ""solver"": ""Concorde 03.12.19 with QSopt""}"
28,CheapestInsertion,0,2.025980418950708,0.0005319450283423066,220,True,,"[2, 4, 6, 8, 5, 9, 7, 3, 1, 0]",{}
28,HeldKarpCheck,0,2.025980418950708,0.01769691100344062,23050,True,,"[2, 4, 6, 8, 5, 9, 7, 3, 1, 0]",{}
28,NN+2opt,0,2.025980418950708,0.0013344150502234697,183,True,,"[0, 1, 3, 7, 9, 5, 8, 6, 4, 2]",{}
28,NearestNeighbor,0,2.2001155997760065,0.00026936898939311504,55,True,,"[0, 1, 2, 4, 8, 5, 7, 9, 3, 6]",{}
28,ReferenceExact,20260820,2.025980418950708,0.011106664082035422,0,True,,"[0, 1, 3, 7, 9, 5, 8, 6, 4, 2]","{""certified"": true, ""concorde_nodes"": 11, ""home_duplicate_padding"": 0, ""integer_objective"": 2025979, ""integer_scale_per_km"": 1000000, ""log"": ""exact_logs/task28/task28.concorde.log"", ""nonzero_returncode_with_certificate"": true, ""original_nodes"": 11, ""problem_sha256"": ""6490e15ca69ab20bd2b46ea4e55458a5386586b47ac6312dcc5a03a0b010e000"", ""process_returncode"": 255, ""rounding_bound_km_per_tour"": 5.5e-06, ""solution_sha256"": ""5e8a15fc217fb27135bb069d70be1a597992550c36935f76673d3a60bdd6c4c4"", ""solver"": ""Concorde 03.12.19 with QSopt""}"
29,CheapestInsertion,0,2.5624115866453128,0.0025586840929463506,1540,True,,"[0, 2, 8, 1, 3, 5, 7, 11, 15, 14, 10, 16, 13, 18, 19, 17, 12, 9, 6, 4]",{}
29,NN+2opt,0,2.4908832129936185,0.00725915003567934,614,True,,"[4, 6, 9, 12, 17, 19, 18, 13, 16, 10, 14, 15, 11, 5, 1, 3, 7, 8, 2, 0]",{}
29,NearestNeighbor,0,2.536710985030414,0.0010475090239197016,210,True,,"[4, 6, 9, 12, 17, 18, 19, 13, 16, 10, 14, 15, 11, 5, 3, 1, 7, 8, 2, 0]",{}
29,ReferenceExact,20260820,2.4908832129936185,0.016144244000315666,0,True,,"[4, 6, 9, 12, 17, 19, 18, 13, 16, 10, 14, 15, 11, 5, 1, 3, 7, 8, 2, 0]","{""certified"": true, ""concorde_nodes"": 21, ""home_duplicate_padding"": 0, ""integer_objective"": 2490884, ""integer_scale_per_km"": 1000000, ""log"": ""exact_logs/task29/task29.concorde.log"", ""nonzero_returncode_with_certificate"": true, ""original_nodes"": 21, ""problem_sha256"": ""f00257d8c28fd4a5536c0868ed11dfd6b093c77b8224e3f395b69d90c3d0e37e"", ""process_returncode"": 255, ""rounding_bound_km_per_tour"": 1.05e-05, ""solution_sha256"": ""0df1484ba2b6b38901a07d3f1778f8fe95ead7726cfd5ceb531abbf98c78ed3b"", ""solver"": ""Concorde 03.12.19 with QSopt""}"
30,CheapestInsertion,0,2.0631711426318935,0.0007142160320654511,364,True,,"[0, 2, 1, 5, 6, 4, 9, 8, 11, 10, 7, 3]",{}
30,HeldKarpCheck,0,1.9298467885369193,0.09689808008261025,135180,True,,"[0, 1, 2, 5, 4, 6, 9, 11, 10, 8, 7, 3]",{}
30,NN+2opt,0,1.940785341729279,0.0022373399697244167,281,True,,"[0, 1, 2, 5, 6, 9, 11, 10, 8, 7, 4, 3]",{}
30,NearestNeighbor,0,2.132897533580357,0.0003498870646581054,78,True,,"[1, 2, 0, 5, 6, 4, 3, 7, 8, 10, 11, 9]",{}
30,ReferenceExact,20260820,1.9298467885369195,0.013193453894928098,0,True,,"[3, 7, 8, 10, 11, 9, 6, 4, 5, 2, 1, 0]","{""certified"": true, ""concorde_nodes"": 13, ""home_duplicate_padding"": 0, ""integer_objective"": 1929847, ""integer_scale_per_km"": 1000000, ""log"": ""exact_logs/task30/task30.concorde.log"", ""nonzero_returncode_with_certificate"": true, ""original_nodes"": 13, ""problem_sha256"": ""2a9d119e45d05efba00b342f99f92a2a369e9751bd81eb653d392914c20538f8"", ""process_returncode"": 255, ""rounding_bound_km_per_tour"": 6.5e-06, ""solution_sha256"": ""7b581a11089566417a84c6c673be302a8a83aaf9ee057a78912edf7cf5c07eb0"", ""solver"": ""Concorde 03.12.19 with QSopt""}"
