task_id,method,length_km,length_sd,runtime_s,evaluations,n_runs
1,ACO,1.7739991125114165,0.0,4.602486063254764,7500.0,20
1,ACO×3,1.7739991125114165,0.0,13.632813595287734,22500.0,20
1,DE,1.7894104579810475,0.01832476328389019,0.7731178276997526,7500.0,20
1,NN+2opt,1.7739991125114165,0.0,0.00115766813978548,109.0,20
1,PSO,1.8449242950704938,0.05265743697881014,0.0835866551904473,7500.0,20
1,Portfolio,1.7739991125114165,0.0,5.4610277036030315,22610.0,20
1,Raw,2.0787263410060044,0.0,0.000666276499396145,1.0,20
2,ACO,2.279975082456949,0.0,4.507020864402875,7500.0,20
2,ACO×3,2.279975082456949,0.0,13.637918467645068,22500.0,20
2,DE,2.2864758998165966,0.01604846151285676,0.7910349826677703,7500.0,20
2,NN+2opt,2.279975082456949,0.0,0.001381907257018565,158.0,20
2,PSO,2.4421492783970504,0.1327883304435501,0.08437070121290158,7500.0,20
2,Portfolio,2.279975082456949,0.0,5.383961517794523,22659.0,20
2,Raw,3.4379145512158162,0.0,0.00014390006544993998,1.0,20
3,ACO,2.558194772231324,0.0069802605299722435,6.534648006688803,7500.0,20
3,ACO×3,2.5554615909469742,0.0,19.76939135408611,22500.0,20
3,DE,2.6727364774706404,0.16429118556051303,0.8022281685029157,7500.0,20
3,NN+2opt,2.5554615909469742,0.0,0.00231011324212881,193.0,20
3,PSO,3.0110392031556685,0.3321505860246337,0.09904296280001287,7500.0,20
3,Portfolio,2.5554615909469742,0.0,7.438486456376268,22694.0,20
3,Raw,2.7037306147794564,0.0,0.000247750215930815,1.0,20
4,ACO,2.133617783782454,2.2742753660146406e-05,4.972943392180605,7500.0,20
4,ACO×3,2.1335996845890683,0.0,14.897185728762997,22500.0,20
4,DE,2.1438956923302688,0.04141076917182851,0.7950151918979828,7500.0,20
4,NN+2opt,2.1385399346185148,0.0,0.001152134255971715,95.0,20
4,PSO,2.2960384098138493,0.10236350466006425,0.09129952649818728,7500.0,20
4,Portfolio,2.1336087341857612,1.856938060434532e-05,5.860582342243288,22596.0,20
4,Raw,2.394872326638416,0.0,0.00016226095031011,1.0,20
5,ACO,1.8650742210238547,0.0,4.919241339556175,7500.0,20
5,ACO×3,1.8650742210238547,0.0,14.853719319490484,22500.0,20
5,DE,1.9058605437307072,0.03285080708819542,0.7812588670058176,7500.0,20
5,NN+2opt,1.8650742210238547,0.0,0.00197193625499488,244.0,20
5,PSO,2.0201840772967796,0.13442939661807063,0.08705196478986177,7500.0,20
5,Portfolio,1.8650742210238547,0.0,5.7896933489304505,22745.0,20
5,Raw,2.560396528702805,0.0,0.00016013060812834,1.0,20
6,ACO,1.7564564612326241,0.0,4.669815426704008,7500.0,20
6,ACO×3,1.7564564612326241,0.0,13.679663117800374,22500.0,20
6,DE,1.7564564612326241,0.0,0.8268049522943329,7500.0,20
6,NN+2opt,1.7564564612326241,0.0,0.000818830099888095,57.0,20
6,PSO,1.849325325702668,0.16317151821450485,0.09074432814377356,7500.0,20
6,Portfolio,1.7564564612326241,0.0,5.588343520037597,22558.0,20
6,Raw,2.361911911922856,0.0,0.00014888514997433,1.0,20
7,ACO,1.8418822070973,0.0,3.2232254551025106,7500.0,20
7,ACO×3,1.8418822070973,0.0,9.585452068666928,22500.0,20
7,DE,1.8418822070973,0.0,0.7511653644032776,7500.0,20
7,NN+2opt,1.847820654103576,0.0,0.0007826513145118401,106.0,20
7,PSO,1.854541692841669,0.03623197816253177,0.07756542419665488,7500.0,20
7,Portfolio,1.8418822070973,0.0,4.052858141303295,22607.0,20
7,Raw,1.951858696825776,0.0,0.00010853085550474061,1.0,20
8,ACO,2.4316204748950323,0.0008563193021044171,7.696291332051624,7500.0,20
8,ACO×3,2.4314289960780373,0.0,23.204828937735876,22500.0,20
8,DE,2.5861410868605184,0.19895336279078304,0.799624973553,7500.0,20
8,NN+2opt,2.5367527962245857,0.0,0.008040999551303635,888.0,20
8,PSO,3.3803861079084982,0.38249400692475616,0.10879126603249456,7500.0,20
8,Portfolio,2.4316204748950323,0.0008563193021044171,8.61308551490074,23389.0,20
8,Raw,4.333774246683905,0.0,0.000329072010936165,1.0,20
9,ACO,2.412200655412025,0.0,5.257877861848101,7500.0,20
9,ACO×3,2.412200655412025,0.0,16.059689376235475,22500.0,20
9,DE,2.441284599997863,0.03026972011138519,0.7802652821934316,7500.0,20
9,NN+2opt,2.470378420663633,0.0,0.0015456131310201651,151.0,20
9,PSO,2.557946163212773,0.10608191754686151,0.08984585553407666,7500.0,20
9,Portfolio,2.412200655412025,0.0,6.129717250354588,22652.0,20
9,Raw,3.310032831312025,0.0,0.00017421890515828499,1.0,20
10,ACO,2.296485707944752,0.014693030638976114,4.694779807009036,7500.0,20
10,ACO×3,2.284792664659961,0.0,13.741849743860076,22500.0,20
10,DE,2.296719105854514,0.018691211904143735,0.7986441311717499,7500.0,20
10,NN+2opt,2.3677967787319165,0.0,0.0011283414438366401,115.0,20
10,PSO,2.428690765258152,0.11968271065440958,0.08553193213883784,7500.0,20
10,Portfolio,2.2862542950705596,0.006536609912160077,5.5802372362581085,22616.0,20
10,Raw,3.5475861051008586,0.0,0.000144249649019865,1.0,20
11,ACO,2.7604194946378646,0.05973081986191583,4.488926876400365,7500.0,20
11,ACO×3,2.7083199794981994,0.038292893958127364,13.494165376527235,22500.0,20
11,DE,2.702845123900083,0.03694746513042241,0.7760455785493832,7500.0,20
11,NN+2opt,2.782425103851911,0.0,0.00145319235161872,176.0,20
11,PSO,2.822885825298517,0.1086724321679695,0.08411638309480618,7500.0,20
11,Portfolio,2.696524813183023,0.02264230040309815,5.35069693888654,22677.0,20
11,Raw,2.9001661773245435,0.0,0.000145754334516765,1.0,20
12,ACO,1.4359045737005327,0.013201787516057153,6.037881218083203,7500.0,20
12,ACO×3,1.4290112374461308,0.005673834161390314,18.118824141082587,22500.0,20
12,DE,1.4863410802056205,0.06442221536898488,0.7855784262006636,7500.0,20
12,NN+2opt,1.4260236853528467,0.0,0.002299113955814345,226.0,20
12,PSO,1.5805537324895127,0.13707504824574118,0.09621863341890272,7500.0,20
12,Portfolio,1.4260236853528467,0.0,6.922208627668442,22727.0,20
12,Raw,2.214282120842128,0.0,0.00022296650568017499,1.0,20
13,ACO,2.0381398626982334,0.01759766859251777,4.5020640398666725,7500.0,20
13,ACO×3,2.026911186852802,0.0,13.430278904241277,22500.0,20
13,DE,2.0354623283484807,0.028334563171025257,0.7755069457110949,7500.0,20
13,NN+2opt,2.080079610501402,0.0,0.000803167087724385,56.0,20
13,PSO,2.1514013649315915,0.0848950090189392,0.08418738456675778,7500.0,20
13,Portfolio,2.0287826328270406,0.008369360829231662,5.362710884673288,22557.0,20
13,Raw,2.623767278619098,0.0,0.00014068278833286502,1.0,20
14,ACO,1.067134550587395,0.0,2.0136967250378803,7500.0,20
14,ACO×3,1.067134550587395,0.0,6.120805155544076,22500.0,20
14,DE,1.067134550587395,0.0,0.7353310211969074,7500.0,20
14,NN+2opt,1.067134550587395,0.0,0.00022777040139766,18.0,20
14,PSO,1.067134550587395,0.0,0.06491984914173367,7500.0,20
14,Portfolio,1.067134550587395,0.0,2.8142446033423765,22519.0,20
14,Raw,1.2934519309581551,0.0,6.008317577652633e-05,1.0,20
15,ACO,2.112602871122433,0.0,3.678555562440306,7500.0,20
15,ACO×3,2.112602871122433,0.0,11.059604108292842,22500.0,20
15,DE,2.1131603475905965,0.0009906616808808353,0.7702055871428456,7500.0,20
15,NN+2opt,2.1201527161839,0.0,0.001151560008292975,142.0,20
15,PSO,2.1377232670080106,0.0352978906179025,0.08164684920920987,7500.0,20
15,Portfolio,2.112602871122433,0.0,4.531681671406841,22643.0,20
15,Raw,2.43527007006484,0.0,0.000113064685137905,1.0,20
16,ACO,2.1608136308037635,0.0018397048335986716,6.934628327266546,7500.0,20
16,ACO×3,2.1602348897090917,0.0014516839317377207,21.065587987331675,22500.0,20
16,DE,2.1675618692388694,0.011821479122000707,0.7953540229122155,7500.0,20
16,NN+2opt,2.17124401463147,0.0,0.008257569809211369,1017.0,20
16,PSO,2.467471659582612,0.29884778754490576,0.10461894520558412,7500.0,20
16,Portfolio,2.160219242795347,0.0014146841896218267,7.84313306514523,23518.0,20
16,Raw,2.436746087549985,0.0,0.000265702861361155,1.0,20
17,ACO,2.0100547196305705,0.0,2.9126322803029323,7500.0,20
17,ACO×3,2.0100547196305705,0.0,8.679686577181565,22500.0,20
17,DE,2.0100547196305705,0.0,0.7516992727527395,7500.0,20
17,NN+2opt,2.0100547196305705,0.0,0.000340125052025495,22.0,20
17,PSO,2.0372064616076133,0.05023374075899723,0.07379089916357766,7500.0,20
17,Portfolio,2.0100547196305705,0.0,3.7385702397674323,22523.0,20
17,Raw,2.626249668019568,0.0,9.859200217760224e-05,1.0,20
18,ACO,2.7052757751641314,0.0,6.96076875225408,7500.0,20
18,ACO×3,2.7052757751641314,0.0,20.816480521077757,22500.0,20
18,DE,2.9345301088565625,0.18885054909589863,0.8047315108415205,7500.0,20
18,NN+2opt,2.761131209664624,0.0,0.009767237602500195,1206.0,20
18,PSO,3.2088928167947386,0.26117004180414327,0.10535653471597466,7500.0,20
18,Portfolio,2.7052757751641314,0.0,7.880905711231753,23707.0,20
18,Raw,3.9560171190390756,0.0,0.00027373185730534,1.0,20
19,ACO,1.908463713665149,0.0,2.4231393510010095,7500.0,20
19,ACO×3,1.908463713665149,0.0,7.380367182247573,22500.0,20
19,DE,1.908463713665149,0.0,0.7393256446637679,7500.0,20
19,NN+2opt,1.908463713665149,0.0,0.00031451809918503,28.0,20
19,PSO,1.908463713665149,0.0,0.0679247070511337,7500.0,20
19,Portfolio,1.908463713665149,0.0,3.2307808029698206,22529.0,20
19,Raw,1.9609034837980999,0.0,6.723065162077546e-05,1.0,20
20,ACO,2.169746843952334,0.0,4.231158799445256,7500.0,20
20,ACO×3,2.169746843952334,0.0,12.70479983901023,22500.0,20
20,DE,2.1750626598649636,0.0037367286960098643,0.8036415980604943,7500.0,20
20,NN+2opt,2.1919092213038294,0.0,0.00069942654226902,46.0,20
20,PSO,2.2046355316538007,0.04618257010344273,0.08858698264230039,7500.0,20
20,Portfolio,2.169746843952334,0.0,5.124243504874175,22547.0,20
20,Raw,2.3271501377921155,0.0,0.00014780974597664,1.0,20
21,ACO,2.207342884706021,0.0,2.8796223859593737,7500.0,20
21,ACO×3,2.207342884706021,0.0,8.635619938239689,22500.0,20
21,DE,2.2090945394574826,0.007833638194756845,0.7785508638946339,7500.0,20
21,NN+2opt,2.207342884706021,0.0,0.00040212490130211504,34.0,20
21,PSO,2.2318735965952587,0.024763814240911907,0.07577377934940153,7500.0,20
21,Portfolio,2.207342884706021,0.0,3.734444475109922,22535.0,20
21,Raw,2.4993160201002165,0.0,8.614649996160914e-05,1.0,20
22,ACO,0.6495626464756479,0.0,17.723822566459422,7500.0,20
22,ACO×3,0.6495626464756479,0.0,53.529849393712354,22500.0,20
22,DE,1.3798886886859942,0.2166578581200184,0.9060900901444257,7500.0,20
22,NN+2opt,0.6495626464756479,0.0,0.01913096330245021,867.0,20
22,PSO,1.6573221869391326,0.39386562547222426,0.1873587783600669,7500.0,20
22,Portfolio,0.6495626464756479,0.0,18.83779321721522,23368.0,20
22,Raw,0.665613609574188,0.0,0.00138185889809388,1.0,20
23,ACO,2.01067302300028,0.0,1.696639576042071,7500.0,20
23,ACO×3,2.01067302300028,0.0,5.132580922154011,22500.0,20
23,DE,2.01067302300028,0.0,0.756742063636193,7500.0,20
23,NN+2opt,2.01067302300028,0.0,0.00014932371559548,7.0,20
23,PSO,2.01067302300028,0.0,0.06279472650494423,7500.0,20
23,Portfolio,2.01067302300028,0.0,2.5163879796222317,22508.0,20
23,Raw,2.01067302300028,0.0,5.307766841724515e-05,1.0,20
24,ACO,1.3508272334785485,0.0,1.7161050888011231,7500.0,20
24,ACO×3,1.3508272334785485,0.0,5.089429990859935,22500.0,20
24,DE,1.3508272334785485,0.0,0.7576231776969508,7500.0,20
24,NN+2opt,1.3508272334785485,0.0,0.00017541315755801998,12.0,20
24,PSO,1.3508272334785485,0.0,0.06474149974528695,7500.0,20
24,Portfolio,1.3508272334785485,0.0,2.5387086354312487,22513.0,20
24,Raw,1.5541362851202245,0.0,5.3973129251971844e-05,1.0,20
25,ACO,1.9406169918137253,0.0,2.4685035396134483,7500.0,20
25,ACO×3,1.9406169918137253,0.0,7.411208716430702,22500.0,20
25,DE,1.9406169918137253,0.0,0.7475775396102108,7500.0,20
25,NN+2opt,1.9406169918137253,0.0,0.0004381727892905,55.0,20
25,PSO,1.9406169918137253,0.0,0.06943330290960144,7500.0,20
25,Portfolio,1.9406169918137253,0.0,3.2860316272592174,22556.0,20
25,Raw,2.1765993600481863,0.0,7.001497433520583e-05,1.0,20
26,ACO,2.218200980928021,0.0,4.265427757182624,7500.0,20
26,ACO×3,2.218200980928021,0.0,12.646949476975715,22500.0,20
26,DE,2.2346678924907395,0.02580707257133225,0.8080795555491932,7500.0,20
26,NN+2opt,2.218200980928021,0.0,0.0009510764677542751,87.0,20
26,PSO,2.397697254371909,0.23255164598397027,0.08615040935692372,7500.0,20
26,Portfolio,2.218200980928021,0.0,5.16075260504731,22588.0,20
26,Raw,3.5077765792448607,0.0,0.00013371959212231502,1.0,20
27,ACO,1.900062151237724,0.0,2.06939354109345,7500.0,20
27,ACO×3,1.900062151237724,0.0,6.251759029371897,22500.0,20
27,DE,1.900062151237724,0.0,0.7585184788447805,7500.0,20
27,NN+2opt,1.900062151237724,0.0,0.00024978378787631004,23.0,20
27,PSO,1.9014977658318326,0.006420263643834761,0.06686797736329023,7500.0,20
27,Portfolio,1.900062151237724,0.0,2.8951026907307096,22524.0,20
27,Raw,2.510933271472731,0.0,6.190603598952294e-05,1.0,20
28,ACO,2.0270714852590017,0.004865966982990335,4.165085473289946,7500.0,20
28,ACO×3,2.0259808944989133,2.126716227073161e-06,12.558843939885264,22500.0,20
28,DE,2.0364183620572076,0.020349957135416926,0.8032583683612756,7500.0,20
28,NN+2opt,2.025980418950708,0.0,0.00143287094542751,183.0,20
28,PSO,2.125459081807853,0.06962090046382945,0.08544792424072509,7500.0,20
28,Portfolio,2.025980418950708,0.0,5.055364260479109,22684.0,20
28,Raw,3.118478690210585,0.0,0.00013006340013812498,1.0,20
29,ACO,2.5036536761892187,0.011751032716057775,8.339080619154265,7500.0,20
29,ACO×3,2.4953617169393083,0.008159017244208505,25.106906704336872,22500.0,20
29,DE,2.7342945434854333,0.1959164784624097,0.8291313856781926,7500.0,20
29,NN+2opt,2.4908832129936185,0.0,0.0064004323561675305,614.0,20
29,PSO,3.383683677510708,0.3231705564734299,0.11863966115051876,7500.0,20
29,Portfolio,2.4908832129936185,0.0,9.293649635999463,23115.0,20
29,Raw,5.906719773987185,0.0,0.0003894889436196,1.0,20
30,ACO,1.9345015585953853,0.005639098081991491,5.109245397953782,7500.0,20
30,ACO×3,1.9324398768492876,0.0025449479422209914,15.130944117769833,22500.0,20
30,DE,1.9407599691848438,0.019449477798942995,0.8116042858629953,7500.0,20
30,NN+2opt,1.940785341729279,0.0,0.00220159954624245,281.0,20
30,PSO,2.14019731410281,0.18144586121408549,0.08732098914333614,7500.0,20
30,Portfolio,1.932192104049672,0.0030781303380875884,6.01054684058181,22782.0,20
30,Raw,2.24965223122239,0.0,0.00016646333970124998,1.0,20
1,CheapestInsertion,1.8864177600606795,0.0,0.0008380820509046,286.0,1
1,HeldKarpCheck,1.7739991125114165,0.0,0.0402293369406834,56331.0,1
1,NearestNeighbor,1.7851835857089084,0.0,0.0007791370153427,66.0,1
1,ReferenceExact,1.7739991125114167,0.0,0.018054645974189,0.0,1
2,CheapestInsertion,2.279975082456949,0.0,0.0008396909106522,286.0,1
2,HeldKarpCheck,2.279975082456949,0.0,0.0376513839000836,56331.0,1
2,NearestNeighbor,2.5940198825611454,0.0,0.0007537569617852,66.0,1
2,ReferenceExact,2.279975082456949,0.0,0.0153487849747762,0.0,1
3,CheapestInsertion,3.0063730726221536,0.0,0.0024736520135775,816.0,1
3,HeldKarpCheck,2.5554615909469742,0.0,2.1079156539635733,3932176.0,1
3,NearestNeighbor,2.624415439459998,0.0,0.0014679949963465,136.0,1
3,ReferenceExact,2.5554615909469742,0.0,0.0217730579897761,0.0,1
4,CheapestInsertion,2.171588037420876,0.0,0.0012972730910405,364.0,1
4,HeldKarpCheck,2.1335996845890683,0.0,0.0811653169803321,135180.0,1
4,NearestNeighbor,2.2047966114948,0.0,0.0012138800229877,78.0,1
4,ReferenceExact,2.1335996845890683,0.0,0.018420886946842,0.0,1
5,CheapestInsertion,1.9933933449249968,0.0,0.0013092929730191,364.0,1
5,HeldKarpCheck,1.865074221023855,0.0,0.0960960250813514,135180.0,1
5,NearestNeighbor,2.357657723544228,0.0,0.0011179159628227,78.0,1
5,ReferenceExact,1.865074221023855,0.0,0.010370226111263,0.0,1
6,CheapestInsertion,1.8107954783805316,0.0,0.0008045349968597,286.0,1
6,HeldKarpCheck,1.756456461232624,0.0,0.037286909064278,56331.0,1
6,NearestNeighbor,1.780281532237733,0.0,0.000805802992545,66.0,1
6,ReferenceExact,1.756456461232624,0.0,0.0130205990280956,0.0,1
7,CheapestInsertion,1.8632534169221024,0.0,0.0003985119983553,120.0,1
7,HeldKarpCheck,1.8418822070973,0.0,0.0056759240105748,3592.0,1
7,NearestNeighbor,1.979955122078796,0.0,0.0006008610362187,36.0,1
7,ReferenceExact,1.8418822070973,0.0,0.0145128750009462,0.0,1
8,CheapestInsertion,2.5092977523820537,0.0,0.0023744769860059,1330.0,1
8,NearestNeighbor,3.1720975038006007,0.0,0.0011966460151597,190.0,1
8,ReferenceExact,2.4314289960780373,0.0,0.0139088430441915,0.0,1
9,CheapestInsertion,2.587470410422966,0.0,0.0008820210350677,455.0,1
9,HeldKarpCheck,2.412200655412025,0.0,0.216239389963448,319501.0,1
9,NearestNeighbor,2.523589319395656,0.0,0.0006864420138299,91.0,1
9,ReferenceExact,2.412200655412025,0.0,0.0213047040160745,0.0,1
10,CheapestInsertion,2.488381709809749,0.0,0.0006502179894596,286.0,1
10,HeldKarpCheck,2.284792664659961,0.0,0.0501254110131412,56331.0,1
10,NearestNeighbor,2.436942079263676,0.0,0.0006251379381865,66.0,1
10,ReferenceExact,2.284792664659961,0.0,0.0143792319577187,0.0,1
11,CheapestInsertion,2.7824251038519114,0.0,0.0006196559406816,286.0,1
11,HeldKarpCheck,2.6881673361169907,0.0,0.0445658219978213,56331.0,1
11,NearestNeighbor,3.1072031556646302,0.0,0.0003277891082689,66.0,1
11,ReferenceExact,2.6881673361169907,0.0,0.0093448219122365,0.0,1
12,CheapestInsertion,1.428135312838,0.0,0.0011946070007979,680.0,1
12,HeldKarpCheck,1.4260236853528467,0.0,1.0214594589779151,1720335.0,1
12,NearestNeighbor,1.7725267319089468,0.0,0.0005393729079514,120.0,1
12,ReferenceExact,1.4260236853528467,0.0,0.0158158380072563,0.0,1
13,CheapestInsertion,2.1100247670775323,0.0,0.0005708209937438,286.0,1
13,HeldKarpCheck,2.026911186852802,0.0,0.0434624019544571,56331.0,1
13,NearestNeighbor,2.080079610501402,0.0,0.0003058820730075,66.0,1
13,ReferenceExact,2.026911186852802,0.0,0.0149915959918871,0.0,1
14,CheapestInsertion,1.0951009983883424,0.0,0.0001534549519419,35.0,1
14,HeldKarpCheck,1.067134550587395,0.0,0.0005093939835205,165.0,1
14,NearestNeighbor,1.0951009983883422,0.0,0.0001560390228405,15.0,1
14,ReferenceExact,1.067134550587395,0.0,0.0205826991004869,0.0,1
15,CheapestInsertion,2.112602871122433,0.0,0.0004645140143111,165.0,1
15,HeldKarpCheck,2.112602871122433,0.0,0.0098217419581487,9225.0,1
15,NearestNeighbor,2.20870257823344,0.0,0.0003109310055151,45.0,1
15,ReferenceExact,2.112602871122433,0.0,0.0144726759754121,0.0,1
16,CheapestInsertion,2.2570766590637583,0.0,0.0015881820581853,969.0,1
16,HeldKarpCheck,2.159640501700675,0.0,4.845359865925275,8912913.0,1
16,NearestNeighbor,2.3146727467173256,0.0,0.0006341950502246,153.0,1
16,ReferenceExact,2.159640501700675,0.0,0.0362472389824688,0.0,1
17,CheapestInsertion,2.185867979443395,0.0,0.0002313749864697,84.0,1
17,HeldKarpCheck,2.0100547196305705,0.0,0.0020287439692765,1351.0,1
17,NearestNeighbor,2.0100547196305705,0.0,0.0001735478872433,28.0,1
17,ReferenceExact,2.0100547196305705,0.0,0.0122232319554314,0.0,1
18,CheapestInsertion,3.1435140305922897,0.0,0.0017760939663276,969.0,1
18,HeldKarpCheck,2.7052757751641314,0.0,4.746194284060039,8912913.0,1
18,NearestNeighbor,3.011457479037936,0.0,0.0006727480795234,153.0,1
18,ReferenceExact,2.7052757751641314,0.0,0.0205910139484331,0.0,1
19,CheapestInsertion,1.9505339477849295,0.0,0.0001773010008037,56.0,1
19,HeldKarpCheck,1.908463713665149,0.0,0.0007020430639386,486.0,1
19,NearestNeighbor,1.9609034837981,0.0,0.000167800928466,21.0,1
19,ReferenceExact,1.908463713665149,0.0,0.0172532208962366,0.0,1
20,CheapestInsertion,2.2248962200315026,0.0,0.000510278972797,220.0,1
20,HeldKarpCheck,2.169746843952334,0.0,0.0218110929708927,23050.0,1
20,NearestNeighbor,2.1919092213038294,0.0,0.0002960250712931,55.0,1
20,ReferenceExact,2.169746843952334,0.0,0.0160172079922631,0.0,1
21,CheapestInsertion,2.2868830026413263,0.0,0.0004280669381842,84.0,1
21,HeldKarpCheck,2.207342884706021,0.0,0.0022960170172154,1351.0,1
21,NearestNeighbor,2.3086256803578853,0.0,0.0002806289121508,28.0,1
21,ReferenceExact,2.207342884706021,0.0,0.0112489919411018,0.0,1
22,CheapestInsertion,0.6495626477727782,0.0,0.0130633530206978,13244.0,1
22,NearestNeighbor,0.6732546714447214,0.0,0.0038889120332896,903.0,1
22,ReferenceExact,0.6495626464756483,0.0,0.0792955249780789,0.0,1
23,CheapestInsertion,2.01067302300028,0.0,8.957507088780403e-05,20.0,1
23,HeldKarpCheck,2.01067302300028,0.0,0.0003066890640184,52.0,1
23,NearestNeighbor,2.01067302300028,0.0,9.801809210330248e-05,10.0,1
23,ReferenceExact,2.01067302300028,0.0,0.0179999179672449,0.0,1
24,CheapestInsertion,1.3508272334785485,0.0,0.0001156500075012,20.0,1
24,HeldKarpCheck,1.3508272334785485,0.0,0.0001643120776861,52.0,1
24,NearestNeighbor,1.3993748985047247,0.0,0.0001097760396078,10.0,1
24,ReferenceExact,1.3508272334785485,0.0,0.0269954369869083,0.0,1
25,CheapestInsertion,1.9814865705339093,0.0,0.0002079779515042,56.0,1
25,HeldKarpCheck,1.9406169918137253,0.0,0.0009781159460544,486.0,1
25,NearestNeighbor,2.14963730615957,0.0,0.0001525039551779,21.0,1
25,ReferenceExact,1.9406169918137255,0.0,0.019578515086323,0.0,1
26,CheapestInsertion,2.218200980928021,0.0,0.0004868329269811,220.0,1
26,HeldKarpCheck,2.218200980928021,0.0,0.0182749370578676,23050.0,1
26,NearestNeighbor,2.3849297200719657,0.0,0.0002716289600357,55.0,1
26,ReferenceExact,2.218200980928021,0.0,0.0078107290901243,0.0,1
27,CheapestInsertion,1.9000621512377236,0.0,0.000151038984768,35.0,1
27,HeldKarpCheck,1.9000621512377236,0.0,0.0004773580003529,165.0,1
27,NearestNeighbor,2.0010321657997983,0.0,0.000142843928188,15.0,1
27,ReferenceExact,1.9000621512377236,0.0,0.0154610821045935,0.0,1
28,CheapestInsertion,2.025980418950708,0.0,0.0005319450283423,220.0,1
28,HeldKarpCheck,2.025980418950708,0.0,0.0176969110034406,23050.0,1
28,NearestNeighbor,2.2001155997760065,0.0,0.0002693689893931,55.0,1
28,ReferenceExact,2.025980418950708,0.0,0.0111066640820354,0.0,1
29,CheapestInsertion,2.5624115866453128,0.0,0.0025586840929463,1540.0,1
29,NearestNeighbor,2.536710985030414,0.0,0.0010475090239197,210.0,1
29,ReferenceExact,2.4908832129936185,0.0,0.0161442440003156,0.0,1
30,CheapestInsertion,2.063171142631893,0.0,0.0007142160320654,364.0,1
30,HeldKarpCheck,1.9298467885369197,0.0,0.0968980800826102,135180.0,1
30,NearestNeighbor,2.132897533580357,0.0,0.0003498870646581,78.0,1
30,ReferenceExact,1.9298467885369197,0.0,0.013193453894928,0.0,1
1,ILS,1.7739991125114165,0.0,0.34183358656009655,44670.4,20
1,ILS-RT,1.7739991125114165,0.0,2.1940085906418973,327890.75,20
1,Insertion+2opt,1.7920752767386523,0.0,0.0012053890386596,89.0,1
1,MultiStart2opt,1.7739991125114165,0.0,0.0721672425686847,6192.7,20
1,MultiStart2opt-RT,1.7739991125114165,0.0,1.361662577901734,212239.0,20
2,ILS,2.279975082456949,0.0,0.34796425156528127,52218.6,20
2,ILS-RT,2.279975082456949,0.0,2.9734222638770005,451187.3,20
2,Insertion+2opt,2.279975082456949,0.0,0.000965959043242,57.0,1
2,MultiStart2opt,2.279975082456949,0.0,0.043489753350149804,6642.45,20
2,MultiStart2opt-RT,2.279975082456949,0.0,1.4865101882489398,233753.0,20
3,ILS,2.5554615909469742,0.0,1.0219448939606082,123579.85,20
3,ILS-RT,2.5554615909469742,0.0,8.379277856944828,1054733.5,20
3,Insertion+2opt,2.5773142587776494,0.0,0.0067981299944221,749.0,1
3,MultiStart2opt,2.5554615909469742,0.0,0.1916963037976529,23259.1,20
3,MultiStart2opt-RT,2.5554615909469742,0.0,6.178854789410252,769336.1,20
4,ILS,2.1335996845890683,0.0,0.37269779216730964,58651.95,20
4,ILS-RT,2.1335996845890683,0.0,3.14744501474197,500490.7,20
4,Insertion+2opt,2.1335996845890683,0.0,0.0015120169846341,131.0,1
4,MultiStart2opt,2.1335996845890683,0.0,0.05167192558874371,8196.8,20
4,MultiStart2opt-RT,2.1335996845890683,0.0,1.7110900991421658,281645.0,20
5,ILS,1.8650742210238547,0.0,0.2946879638882819,45583.1,20
5,ILS-RT,1.8650742210238547,0.0,2.466451529262122,385298.15,20
5,Insertion+2opt,1.948477249281817,0.0,0.0014172289520502,117.0,1
5,MultiStart2opt,1.8650742210238547,0.0,0.04492693349602628,7092.75,20
5,MultiStart2opt-RT,1.8650742210238547,0.0,1.4595660449936987,238697.35,20
6,ILS,1.7564564612326241,0.0,0.313498334470205,50265.55,20
6,ILS-RT,1.7564564612326241,0.0,2.727382292540278,427037.3,20
6,Insertion+2opt,1.756456461232624,0.0,0.0010713470401242,85.0,1
6,MultiStart2opt,1.7564564612326241,0.0,0.03836889035883354,6263.3,20
6,MultiStart2opt-RT,1.7564564612326241,0.0,1.30716413098271,214021.15,20
7,ILS,1.8418822070973,0.0,0.09944928023614916,17589.5,20
7,ILS-RT,1.8418822070973,0.0,0.8050051650498062,148627.3,20
7,Insertion+2opt,1.8632534169221024,0.0,0.0004598880186676,30.0,1
7,MultiStart2opt,1.8421791294476138,0.0013278771186813173,0.012919934646924916,2434.0,20
7,MultiStart2opt-RT,1.8418822070973,0.0,0.39338370962068436,81944.25,20
8,ILS,2.4314289960780373,0.0,1.7093130777939223,180422.75,20
8,ILS-RT,2.4314289960780373,0.0,13.59055126439198,1534920.65,20
8,Insertion+2opt,2.4314289960780373,0.0,0.0061027109622955,496.0,1
8,MultiStart2opt,2.4314289960780373,0.0,0.3165445624093991,33486.55,20
8,MultiStart2opt-RT,2.4314289960780373,0.0,10.59452889690292,1141008.45,20
9,ILS,2.4407967218462767,0.0,0.5273089885886293,76432.4,20
9,ILS-RT,2.4407967218462767,0.0,4.571301277022576,649223.35,20
9,Insertion+2opt,2.4602711120029497,0.0,0.0014232260873541,91.0,1
9,MultiStart2opt,2.4136304587337376,0.006394274843608706,0.06357154584839003,9630.8,20
9,MultiStart2opt-RT,2.412200655412025,0.0,2.2347889511380346,338655.1,20
10,ILS,2.284792664659961,0.0,0.2884710089419968,47189.75,20
10,ILS-RT,2.284792664659961,0.0,2.5344107808952687,402815.0,20
10,Insertion+2opt,2.335488636909776,0.0,0.0014474289491772,150.0,1
10,MultiStart2opt,2.284792664659961,0.0,0.03353639045963059,5516.0,20
10,MultiStart2opt-RT,2.284792664659961,0.0,1.1215511188551317,189291.85,20
11,ILS,2.6881673361169907,0.0,0.31467222280334683,49576.25,20
11,ILS-RT,2.6881673361169907,0.0,2.597543890221277,421800.5,20
11,Insertion+2opt,2.7824251038519114,0.0,0.0009128280216827,57.0,1
11,MultiStart2opt,2.6881673361169907,0.0,0.03435589025611984,5249.05,20
11,MultiStart2opt-RT,2.6881673361169907,0.0,1.0500657225959003,178048.2,20
12,ILS,1.4260236853528467,0.0,0.8223098293005023,101950.05,20
12,ILS-RT,1.4260236853528467,0.0,6.869818476570072,864920.0,20
12,Insertion+2opt,1.4260236853528467,0.0,0.0021184320794418,133.0,1
12,MultiStart2opt,1.4260236853528467,0.0,0.1285814286326058,16109.1,20
12,MultiStart2opt-RT,1.4260236853528467,0.0,4.481235410651425,566522.4,20
13,ILS,2.026911186852802,0.0,0.2568289616436231,42091.45,20
13,ILS-RT,2.026911186852802,0.0,2.1796561190334613,357307.95,20
13,Insertion+2opt,2.026911186852802,0.0,0.0010494639864191,77.0,1
13,MultiStart2opt,2.026911186852802,0.0,0.03802521893521767,6375.5,20
13,MultiStart2opt-RT,2.026911186852802,0.0,1.2825134707440156,222551.65,20
14,ILS,1.067134550587395,0.0,0.02084250016487199,5181.0,20
14,ILS-RT,1.067134550587395,0.0,0.1748794490471482,43936.0,20
14,Insertion+2opt,1.067134550587395,0.0,0.0002038889797404,15.0,1
14,MultiStart2opt,1.067134550587395,0.0,0.002388527349103185,493.95,20
14,MultiStart2opt-RT,1.067134550587395,0.0,0.0654111674870364,16119.35,20
15,ILS,2.1133578556285797,0.002323793278398653,0.14065477391122835,24764.5,20
15,ILS-RT,2.1133578556285797,0.002323793278398653,1.2087392761022784,217576.5,20
15,Insertion+2opt,2.112602871122433,0.0,0.000582554959692,38.0,1
15,MultiStart2opt,2.112602871122433,0.0,0.016508339351275887,3007.3,20
15,MultiStart2opt-RT,2.112602871122433,0.0,0.5303216348402202,102780.85,20
16,ILS,2.159640501700675,0.0,1.1502683761820662,132485.85,20
16,ILS-RT,2.159640501700675,0.0,9.286087922134902,1123395.7,20
16,Insertion+2opt,2.1951842818144454,0.0,0.0068273269571363,695.0,1
16,MultiStart2opt,2.1612113240279096,0.0029361837417237377,0.22694250059430482,26299.05,20
16,MultiStart2opt-RT,2.159640501700675,3.0564315594525006e-16,7.37788551285048,876083.7,20
17,ILS,2.0100547196305705,0.0,0.06505099334171968,14336.0,20
17,ILS-RT,2.0100547196305705,0.0,0.5581063432036899,121909.0,20
17,Insertion+2opt,2.0100547196305705,0.0,0.0004583420231938,47.0,1
17,MultiStart2opt,2.0100547196305705,0.0,0.007677210698602666,1564.9,20
17,MultiStart2opt-RT,2.0100547196305705,0.0,0.24148208334809165,53532.95,20
18,ILS,2.7052757751641314,0.0,1.3767595360463019,158340.6,20
18,ILS-RT,2.7052757751641314,0.0,11.354141650046222,1321954.6,20
18,Insertion+2opt,2.744422507372392,0.0,0.0080889760283753,874.0,1
18,MultiStart2opt,2.7052757751641314,0.0,0.26149401146103624,30429.0,20
18,MultiStart2opt-RT,2.7052757751641314,0.0,8.602066604566062,1015339.6,20
19,ILS,1.908463713665149,0.0,0.0331288789515383,7815.0,20
19,ILS-RT,1.908463713665149,0.0,0.28137860589777114,66738.0,20
19,Insertion+2opt,1.908463713665149,0.0,0.0002972530201077,25.0,1
19,MultiStart2opt,1.908463713665149,0.0,0.004332069243537221,891.25,20
19,MultiStart2opt-RT,1.908463713665149,0.0,0.12288199231843462,28969.45,20
20,ILS,2.169746843952334,0.0,0.1763983006123453,29778.0,20
20,ILS-RT,2.169746843952334,0.0,1.4764885671145749,253383.2,20
20,Insertion+2opt,2.181971190771636,0.0,0.0011502240085974,124.0,1
20,MultiStart2opt,2.169746843952334,0.0,0.023865918250521582,4180.25,20
20,MultiStart2opt-RT,2.169746843952334,0.0,0.7856787737517152,144045.65,20
21,ILS,2.207342884706021,0.0,0.05549733299994837,12132.0,20
21,ILS-RT,2.207342884706021,0.0,0.4638530708907638,103118.0,20
21,Insertion+2opt,2.207342884706021,0.0,0.0004686269676312,52.0,1
21,MultiStart2opt,2.207342884706021,0.0,0.0077231873990967455,1609.45,20
21,MultiStart2opt-RT,2.207342884706021,0.0,0.23623245633789333,52458.15,20
22,ILS,0.6495626464756479,0.0,20.552446219633566,1164538.15,20
22,ILS-RT,0.6495626464756479,0.0,159.3326326948474,9802512.55,20
22,Insertion+2opt,0.6495626464756479,0.0,0.0308068809099495,984.0,1
22,MultiStart2opt,0.6495626464756479,0.0,2.950888388301246,167212.95,20
22,MultiStart2opt-RT,0.6495626464756479,0.0,96.52629610524745,5782114.2,20
23,ILS,2.01067302300028,0.0,0.0118042467103805,3154.0,20
23,ILS-RT,2.01067302300028,0.0,0.09830506785074246,26781.0,20
23,Insertion+2opt,2.01067302300028,0.0,0.0001412329729646,8.0,1
23,MultiStart2opt,2.01067302300028,0.0,0.0013402961485553,256.2,20
23,MultiStart2opt-RT,2.01067302300028,0.0,0.03406900916015725,8707.35,20
24,ILS,1.3508272334785485,0.0,0.011504890164360355,3017.0,20
24,ILS-RT,1.3508272334785485,0.0,0.09530952986679035,25712.0,20
24,Insertion+2opt,1.3508272334785485,0.0,0.0001231710193678,8.0,1
24,MultiStart2opt,1.3508272334785485,0.0,0.001400146709056525,262.5,20
24,MultiStart2opt-RT,1.3508272334785485,0.0,0.03409162650932554,8760.6,20
25,ILS,1.9406169918137253,0.0,0.0378700539527926,8871.0,20
25,ILS-RT,1.9406169918137253,0.0,0.3190478059987072,74848.0,20
25,Insertion+2opt,1.9406169918137255,0.0,0.0003008699277415,30.0,1
25,MultiStart2opt,1.9406169918137253,0.0,0.005222628643969026,1105.0,20
25,MultiStart2opt-RT,1.9406169918137253,0.0,0.15083727209712375,35475.95,20
26,ILS,2.218200980928021,0.0,0.19251855824259106,32710.5,20
26,ILS-RT,2.218200980928021,0.0,1.666974643955473,280686.95,20
26,Insertion+2opt,2.218200980928021,0.0,0.0007326049963012,47.0,1
26,MultiStart2opt,2.218200980928021,0.0,0.02208924816222857,3823.95,20
26,MultiStart2opt-RT,2.218200980928021,0.0,0.7298161172133405,134071.55,20
27,ILS,1.9000621512377236,0.0,0.02466772613115603,6118.0,20
27,ILS-RT,1.9000621512377236,0.0,0.20557174986461174,51934.0,20
27,Insertion+2opt,1.9000621512377236,0.0,0.0001793419942259,12.0,1
27,MultiStart2opt,1.9000621512377236,0.0,0.002853901067282955,598.1,20
27,MultiStart2opt-RT,1.9000621512377236,0.0,0.07860705304192375,19588.95,20
28,ILS,2.025980418950708,0.0,0.2033845946541987,34652.95,20
28,ILS-RT,2.025980418950708,0.0,1.7175794675131328,294986.4,20
28,Insertion+2opt,2.025980418950708,0.0,0.0007246038876473,47.0,1
28,MultiStart2opt,2.025980418950708,0.0,0.02553275380632835,4392.8,20
28,MultiStart2opt-RT,2.025980418950708,0.0,0.821544027904747,150664.6,20
29,ILS,2.4908832129936185,0.0,2.311925884243101,260174.2,20
29,ILS-RT,2.4908832129936185,0.0,18.293070212390738,2076773.05,20
29,Insertion+2opt,2.490883212993618,0.0,0.0056432160781696,392.0,1
29,MultiStart2opt,2.4908832129936185,0.0,0.47001413571997547,52224.2,20
29,MultiStart2opt-RT,2.4908832129936185,0.0,15.251297246210743,1745385.55,20
30,ILS,1.92984678853692,0.0,0.39656267261598255,62854.55,20
30,ILS-RT,1.92984678853692,0.0,3.3893493986979593,543634.2,20
30,Insertion+2opt,1.9337416810526524,0.0,0.0023708579828962,278.0,1
30,MultiStart2opt,1.92984678853692,0.0,0.0624107390933204,9779.65,20
30,MultiStart2opt-RT,1.92984678853692,0.0,2.030020513944328,329077.95,20
